PassengerId,Survived,Pclass,Sex_encoded,Age,Age_scaled,SibSp,Parch,Fare,Fare_scaled,Has_Cabin,Embarked_C,Embarked_Q,Embarked_S,Pclass_norm
1,0,3,1,22.0,-0.5654188991856514,1,0,7.25,-0.5021631365156053,0,0,0,1,1.0
2,1,1,0,38.0,0.663488390424261,1,0,71.2833,0.7864036178345383,1,1,0,0,0.0
3,1,3,0,26.0,-0.25819207678317324,0,0,7.925,-0.48857985158126105,0,0,0,1,1.0
4,1,1,0,35.0,0.4330682736224024,1,0,53.1,0.4204940697654092,1,0,0,1,0.0
5,0,3,1,35.0,0.4330682736224024,0,0,8.05,-0.48606442844527137,0,0,0,1,1.0
6,0,3,1,28.0,-0.10457866558193422,0,0,8.4583,-0.4778480503138746,0,0,1,0,1.0
7,0,1,1,54.0,1.8923956800341732,0,0,51.8625,0.3955913807191113,1,0,0,1,0.0
8,0,3,1,2.0,-2.1015530111980416,3,1,21.075,-0.22395733767514675,0,0,0,1,1.0
9,1,3,0,27.0,-0.18138537118255374,0,2,11.1333,-0.42401799520369554,0,0,0,1,1.0
10,1,2,0,14.0,-1.1798725439906075,1,0,30.0708,-0.04293139010125909,0,1,0,0,0.5
11,1,3,0,4.0,-1.9479395999968028,1,1,16.7,-0.3119971474347855,1,0,0,1,1.0
12,1,1,0,58.0,2.1996225024366516,0,0,26.55,-0.11378180431879875,1,0,0,1,0.0
13,0,3,1,20.0,-0.7190323103868904,0,0,8.05,-0.48606442844527137,0,0,0,1,1.0
14,0,3,1,39.0,0.7402950960248805,1,5,31.275,-0.01869880977838891,0,0,0,1,1.0
15,0,3,0,14.0,-1.1798725439906075,0,0,7.8542,-0.4900045872454856,0,0,0,1,1.0
16,1,2,0,55.0,1.9692023856347929,0,0,16.0,-0.32608351699632776,0,0,0,1,0.5
17,0,3,1,2.0,-2.1015530111980416,4,1,29.125,-0.061964087717411374,0,0,1,0,1.0
18,1,2,1,28.0,-0.10457866558193422,0,0,13.0,-0.38645367226008004,0,0,0,1,0.5
19,0,3,0,31.0,0.12584145121992435,1,0,18.0,-0.28583674682049287,0,0,0,1,1.0
20,1,3,0,28.0,-0.10457866558193422,0,0,7.225,-0.5026662211428032,0,1,0,0,1.0
21,0,2,1,35.0,0.4330682736224024,0,0,26.0,-0.12484966611715337,0,0,0,1,0.5
22,1,2,1,34.0,0.3562615680217829,0,0,13.0,-0.38645367226008004,1,0,0,1,0.5
23,1,3,0,15.0,-1.103065838389988,0,0,8.0292,-0.48648299485510005,0,0,1,0,1.0
24,1,1,1,28.0,-0.10457866558193422,0,0,35.5,0.06632249221806229,1,0,0,1,0.0
25,0,3,0,8.0,-1.6407127775943247,3,1,21.075,-0.22395733767514675,0,0,0,1,1.0
26,1,3,0,38.0,0.663488390424261,1,5,31.3875,-0.016434928955998185,0,0,0,1,1.0
27,0,3,1,28.0,-0.10457866558193422,0,0,7.225,-0.5026662211428032,0,1,0,0,1.0
28,0,1,1,19.0,-0.79583901598751,3,2,263.0,4.644392599719279,1,0,0,1,0.0
29,1,3,0,28.0,-0.10457866558193422,0,0,7.8792,-0.4895015026182876,0,0,1,0,1.0
30,0,3,1,28.0,-0.10457866558193422,0,0,7.8958,-0.4891674544258282,0,0,0,1,1.0
31,0,1,1,40.0,0.8171018016255001,0,0,27.7208,-0.09022134505786503,0,1,0,0,0.0
32,1,1,0,28.0,-0.10457866558193422,1,0,146.5208,2.300436803386727,1,1,0,0,0.0
33,1,3,0,28.0,-0.10457866558193422,0,0,7.75,-0.49210144397164657,0,0,1,0,1.0
34,0,2,1,66.0,2.8140761472416074,0,0,10.5,-0.43676213497987365,0,0,0,1,0.5
35,0,1,1,28.0,-0.10457866558193422,1,0,82.1708,1.0054969729792393,0,1,0,0,0.0
36,0,1,1,42.0,0.970715212826739,1,0,52.0,0.39835834616870003,0,0,0,1,0.0
37,1,3,1,28.0,-0.10457866558193422,0,0,7.2292,-0.502581702925434,0,1,0,0,1.0
38,0,3,1,21.0,-0.6422256047862709,0,0,8.05,-0.48606442844527137,0,0,0,1,1.0
39,0,3,0,18.0,-0.8726457215881294,2,0,18.0,-0.28583674682049287,0,0,0,1,1.0
40,1,3,0,14.0,-1.1798725439906075,1,0,11.2417,-0.4218366202601652,0,1,0,0,1.0
41,0,3,0,40.0,0.8171018016255001,1,0,9.475,-0.457388604694989,0,0,0,1,1.0
42,0,2,0,27.0,-0.18138537118255374,1,0,21.0,-0.22546659155674054,0,0,0,1,0.5
43,0,3,1,28.0,-0.10457866558193422,0,0,7.8958,-0.4891674544258282,0,1,0,0,1.0
44,1,2,0,3.0,-2.0247463055974224,1,2,41.5792,0.18865657484452997,0,1,0,0,0.5
45,1,3,0,19.0,-0.79583901598751,0,0,7.8792,-0.4895015026182876,0,0,1,0,1.0
46,0,3,1,28.0,-0.10457866558193422,0,0,8.05,-0.48606442844527137,0,0,0,1,1.0
47,0,3,1,28.0,-0.10457866558193422,1,0,15.5,-0.3361452095402864,0,0,1,0,1.0
48,1,3,0,28.0,-0.10457866558193422,0,0,7.75,-0.49210144397164657,0,0,1,0,1.0
49,0,3,1,28.0,-0.10457866558193422,2,0,21.6792,-0.211798788405027,0,1,0,0,1.0
50,0,3,0,18.0,-0.8726457215881294,1,0,17.8,-0.28986142383807634,0,0,0,1,1.0
51,0,3,1,7.0,-1.717519483194944,4,1,39.6875,0.15058916727371655,0,0,0,1,1.0
52,0,3,1,21.0,-0.6422256047862709,0,0,7.8,-0.49109527471725073,0,0,0,1,1.0
53,1,1,0,49.0,1.5083621520310757,1,0,76.7292,0.895993560684828,1,1,0,0,0.0
54,1,2,0,29.0,-0.027771959981314702,1,0,26.0,-0.12484966611715337,0,0,0,1,0.5
55,0,1,1,65.0,2.737269441640988,0,1,61.9792,0.5991736306380456,1,1,0,0,0.0
56,1,1,1,28.0,-0.10457866558193422,0,0,35.5,0.06632249221806229,1,0,0,1,0.0
57,1,2,0,21.0,-0.6422256047862709,0,0,10.5,-0.43676213497987365,0,0,0,1,0.5
58,0,3,1,28.5,-0.06617531278162446,0,0,7.2292,-0.502581702925434,0,1,0,0,1.0
59,1,2,0,5.0,-1.8711328943961831,1,2,27.75,-0.08963374221329785,0,0,0,1,0.5
60,0,3,1,11.0,-1.410292660792466,5,2,46.9,0.29572908222032107,0,0,0,1,1.0
61,0,3,1,22.0,-0.5654188991856514,0,0,7.2292,-0.502581702925434,0,1,0,0,1.0
62,1,1,0,38.0,0.663488390424261,0,0,80.0,0.9618131286303883,1,0,0,1,0.0
63,0,1,1,45.0,1.2011353296285976,1,0,83.475,1.0317418918109011,1,0,0,1,0.0
64,0,3,1,4.0,-1.9479395999968028,3,2,27.9,-0.08661523445011025,0,0,0,1,1.0
65,0,1,1,28.0,-0.10457866558193422,0,0,27.7208,-0.09022134505786503,0,1,0,0,0.0
66,1,3,1,28.0,-0.10457866558193422,1,1,15.2458,-0.34126057402963506,0,1,0,0,1.0
67,1,2,0,29.0,-0.027771959981314702,0,0,10.5,-0.43676213497987365,1,0,0,1,0.5
68,0,3,1,19.0,-0.79583901598751,0,0,8.1583,-0.4838850658402499,0,0,0,1,1.0
69,1,3,0,17.0,-0.9494524271887489,4,2,7.925,-0.48857985158126105,0,0,0,1,1.0
70,0,3,1,26.0,-0.25819207678317324,2,0,8.6625,-0.4737388550789219,0,0,0,1,1.0
71,0,2,1,32.0,0.20264815682054385,0,0,10.5,-0.43676213497987365,0,0,0,1,0.5
72,0,3,0,16.0,-1.0262591327893684,5,2,46.9,0.29572908222032107,0,0,0,1,1.0
73,0,2,1,21.0,-0.6422256047862709,0,0,73.5,0.8310111255589249,0,0,0,1,0.5
74,0,3,1,26.0,-0.25819207678317324,1,0,14.4542,-0.3571902456652305,0,1,0,0,1.0
75,1,3,1,32.0,0.20264815682054385,0,0,56.4958,0.48882906084695926,0,0,0,1,1.0
76,0,3,1,25.0,-0.33499878238379277,0,0,7.65,-0.49411378248043836,1,0,0,1,1.0
77,0,3,1,28.0,-0.10457866558193422,0,0,7.8958,-0.4891674544258282,0,0,0,1,1.0
78,0,3,1,28.0,-0.10457866558193422,0,0,8.05,-0.48606442844527137,0,0,0,1,1.0
79,1,2,1,0.83,-2.1914168567507666,0,2,29.0,-0.06447951085340105,0,0,0,1,0.5
80,1,3,0,30.0,0.04903474561930482,0,0,12.475,-0.39701844943123665,0,0,0,1,1.0
81,0,3,1,22.0,-0.5654188991856514,0,0,9.0,-0.4669472126117498,0,0,0,1,1.0
82,1,3,1,29.0,-0.027771959981314702,0,0,9.5,-0.4568855200677911,0,0,0,1,1.0
83,1,3,0,28.0,-0.10457866558193422,0,0,7.7875,-0.49134681703084965,0,0,1,0,1.0
84,0,1,1,28.0,-0.10457866558193422,0,0,47.1,0.2997537592379046,0,0,0,1,0.0
85,1,2,0,17.0,-0.9494524271887489,0,0,10.5,-0.43676213497987365,0,0,0,1,0.5
86,1,3,0,33.0,0.27945486242116335,3,0,15.85,-0.32910202475951533,0,0,0,1,1.0
87,0,3,1,16.0,-1.0262591327893684,1,3,34.375,0.043683683994155176,0,0,0,1,1.0
88,0,3,1,28.0,-0.10457866558193422,0,0,8.05,-0.48606442844527137,0,0,0,1,1.0
89,1,1,0,23.0,-0.48861219358503183,3,2,263.0,4.644392599719279,1,0,0,1,0.0
90,0,3,1,24.0,-0.4118054879844123,0,0,8.05,-0.48606442844527137,0,0,0,1,1.0
91,0,3,1,29.0,-0.027771959981314702,0,0,8.05,-0.48606442844527137,0,0,0,1,1.0
92,0,3,1,20.0,-0.7190323103868904,0,0,7.8542,-0.4900045872454856,0,0,0,1,1.0
93,0,1,1,46.0,1.2779420352292172,1,0,61.175,0.5829904043503424,1,0,0,1,0.0
94,0,3,1,26.0,-0.25819207678317324,1,2,20.575,-0.23401903021910547,0,0,0,1,1.0
95,0,3,1,59.0,2.276429208037271,0,0,7.25,-0.5021631365156053,0,0,0,1,1.0
96,0,3,1,28.0,-0.10457866558193422,0,0,8.05,-0.48606442844527137,0,0,0,1,1.0
97,0,1,1,71.0,3.198109675244705,0,0,34.6542,0.04930213311070178,1,1,0,0,0.0
98,1,1,1,23.0,-0.48861219358503183,0,1,63.3583,0.6269257910127927,1,1,0,0,0.0
99,1,2,0,34.0,0.3562615680217829,0,1,23.0,-0.18521982138090567,0,0,0,1,0.5
100,0,2,1,34.0,0.3562615680217829,1,0,26.0,-0.12484966611715337,0,0,0,1,0.5
101,0,3,0,28.0,-0.10457866558193422,0,0,7.8958,-0.4891674544258282,0,0,0,1,1.0
102,0,3,1,28.0,-0.10457866558193422,0,0,7.8958,-0.4891674544258282,0,0,0,1,1.0
103,0,1,1,21.0,-0.6422256047862709,0,1,77.2875,0.907228446579412,1,0,0,1,0.0
104,0,3,1,33.0,0.27945486242116335,0,0,8.6542,-0.47390587917515165,0,0,0,1,1.0
105,0,3,1,37.0,0.5866816848236415,2,0,7.925,-0.48857985158126105,0,0,0,1,1.0
106,0,3,1,28.0,-0.10457866558193422,0,0,7.8958,-0.4891674544258282,0,0,0,1,1.0
107,1,3,0,21.0,-0.6422256047862709,0,0,7.65,-0.49411378248043836,0,0,0,1,1.0
108,1,3,1,28.0,-0.10457866558193422,0,0,7.775,-0.4915983593444487,0,0,0,1,1.0
109,0,3,1,38.0,0.663488390424261,0,0,7.8958,-0.4891674544258282,0,0,0,1,1.0
110,1,3,0,28.0,-0.10457866558193422,1,0,24.15,-0.16207792852980066,0,0,1,0,1.0
111,0,1,1,47.0,1.3547487408298367,0,0,52.0,0.39835834616870003,1,0,0,1,0.0
112,0,3,0,14.5,-1.1414691911902977,1,0,14.4542,-0.3571902456652305,0,1,0,0,1.0
113,0,3,1,22.0,-0.5654188991856514,0,0,8.05,-0.48606442844527137,0,0,0,1,1.0
114,0,3,0,20.0,-0.7190323103868904,1,0,9.825,-0.45034541991421795,0,0,0,1,1.0
115,0,3,0,17.0,-0.9494524271887489,0,0,14.4583,-0.35710773978637,0,1,0,0,1.0
116,0,3,1,21.0,-0.6422256047862709,0,0,7.925,-0.48857985158126105,0,0,0,1,1.0
117,0,3,1,70.5,3.1597063224443955,0,0,7.75,-0.49210144397164657,0,0,1,0,1.0
118,0,2,1,29.0,-0.027771959981314702,1,0,21.0,-0.22546659155674054,0,0,0,1,0.5
119,0,1,1,24.0,-0.4118054879844123,0,1,247.5208,4.332898697266388,1,1,0,0,0.0
120,0,3,0,2.0,-2.1015530111980416,4,2,31.275,-0.01869880977838891,0,0,0,1,1.0
121,0,2,1,21.0,-0.6422256047862709,2,0,73.5,0.8310111255589249,0,0,0,1,0.5
122,0,3,1,28.0,-0.10457866558193422,0,0,8.05,-0.48606442844527137,0,0,0,1,1.0
123,0,2,1,32.5,0.24105150962085362,1,0,30.0708,-0.04293139010125909,0,1,0,0,0.5
124,1,2,0,32.5,0.24105150962085362,0,0,13.0,-0.38645367226008004,1,0,0,1,0.5
125,0,1,1,54.0,1.8923956800341732,0,1,77.2875,0.907228446579412,1,0,0,1,0.0
126,1,3,1,12.0,-1.3334859551918465,1,0,11.2417,-0.4218366202601652,0,1,0,0,1.0
127,0,3,1,28.0,-0.10457866558193422,0,0,7.75,-0.49210144397164657,0,0,1,0,1.0
128,1,3,1,24.0,-0.4118054879844123,0,0,7.1417,-0.5043424991206268,0,0,0,1,1.0
129,1,3,0,28.0,-0.10457866558193422,1,1,22.3583,-0.1981329975918223,1,1,0,0,1.0
130,0,3,1,45.0,1.2011353296285976,0,0,6.975,-0.5076970674147826,0,0,0,1,1.0
131,0,3,1,33.0,0.27945486242116335,0,0,7.8958,-0.4891674544258282,0,1,0,0,1.0
132,0,3,1,20.0,-0.7190323103868904,0,0,7.05,-0.5061878135331888,0,0,0,1,1.0
133,0,3,0,47.0,1.3547487408298367,1,0,14.5,-0.35626859462820387,0,0,0,1,1.0
134,1,2,0,29.0,-0.027771959981314702,1,0,26.0,-0.12484966611715337,0,0,0,1,0.5
135,0,2,1,25.0,-0.33499878238379277,0,0,13.0,-0.38645367226008004,0,0,0,1,0.5
136,0,2,1,23.0,-0.48861219358503183,0,0,15.0458,-0.3452852510472186,0,1,0,0,0.5
137,1,1,0,19.0,-0.79583901598751,0,2,26.2833,-0.11914871112174634,1,0,0,1,0.0
138,0,1,1,37.0,0.5866816848236415,1,0,53.1,0.4204940697654092,1,0,0,1,0.0
139,0,3,1,16.0,-1.0262591327893684,0,0,9.2167,-0.4625864750631981,0,0,0,1,1.0
140,0,1,1,24.0,-0.4118054879844123,0,0,79.2,0.9457144205600544,1,1,0,0,0.0
141,0,3,0,28.0,-0.10457866558193422,0,2,15.2458,-0.34126057402963506,0,1,0,0,1.0
142,1,3,0,22.0,-0.5654188991856514,0,0,7.75,-0.49210144397164657,0,0,0,1,1.0
143,1,3,0,24.0,-0.4118054879844123,1,0,15.85,-0.32910202475951533,0,0,0,1,1.0
144,0,3,1,19.0,-0.79583901598751,0,0,6.75,-0.512224829059564,0,0,1,0,1.0
145,0,2,1,18.0,-0.8726457215881294,0,0,11.5,-0.4166387498919562,0,0,0,1,0.5
146,0,2,1,19.0,-0.79583901598751,1,1,36.75,0.0914767235779591,0,0,0,1,0.5
147,1,3,1,27.0,-0.18138537118255374,0,0,7.7958,-0.49117979293462,0,0,0,1,1.0
148,0,3,0,9.0,-1.563906071993705,2,2,34.375,0.043683683994155176,0,0,0,1,1.0
149,0,2,1,36.5,0.5482783320233316,0,2,26.0,-0.12484966611715337,1,0,0,1,0.5
150,0,2,1,42.0,0.970715212826739,0,0,13.0,-0.38645367226008004,0,0,0,1,0.5
151,0,2,1,51.0,1.6619755632323148,0,0,12.525,-0.39601228017684087,0,0,0,1,0.5
152,1,1,0,22.0,-0.5654188991856514,1,0,66.6,0.6921597684522944,1,0,0,1,0.0
153,0,3,1,55.5,2.0076057384351027,0,0,8.05,-0.48606442844527137,0,0,0,1,1.0
154,0,3,1,40.5,0.8555051544258098,0,2,14.5,-0.35626859462820387,0,0,0,1,1.0
155,0,3,1,28.0,-0.10457866558193422,0,0,7.3125,-0.5009054249476105,0,0,0,1,1.0
156,0,1,1,51.0,1.6619755632323148,0,1,61.3792,0.5870995995852952,0,1,0,0,0.0
157,1,3,0,16.0,-1.0262591327893684,0,0,7.7333,-0.4924375045026148,0,0,1,0,1.0
158,0,3,1,30.0,0.04903474561930482,0,0,8.05,-0.48606442844527137,0,0,0,1,1.0
159,0,3,1,28.0,-0.10457866558193422,0,0,8.6625,-0.4737388550789219,0,0,0,1,1.0
160,0,3,1,28.0,-0.10457866558193422,8,2,69.55,0.751523754461651,0,0,0,1,1.0
161,0,3,1,44.0,1.1243286240279782,0,1,16.1,-0.32407117848753597,0,0,0,1,1.0
162,1,2,0,40.0,0.8171018016255001,0,0,15.75,-0.33111436326830707,0,0,0,1,0.5
163,0,3,1,26.0,-0.25819207678317324,0,0,7.775,-0.4915983593444487,0,0,0,1,1.0
164,0,3,1,17.0,-0.9494524271887489,0,0,8.6625,-0.4737388550789219,0,0,0,1,1.0
165,0,3,1,1.0,-2.1783597167986612,4,1,39.6875,0.15058916727371655,0,0,0,1,1.0
166,1,3,1,9.0,-1.563906071993705,0,2,20.525,-0.23502519947350137,0,0,0,1,1.0
167,1,1,0,28.0,-0.10457866558193422,0,1,55.0,0.4587285014324523,1,0,0,1,0.0
168,0,3,0,45.0,1.2011353296285976,1,4,27.9,-0.08661523445011025,0,0,0,1,1.0
169,0,1,1,28.0,-0.10457866558193422,0,0,25.925,-0.12635891999874715,0,0,0,1,0.0
170,0,3,1,28.0,-0.10457866558193422,0,0,56.4958,0.48882906084695926,0,0,0,1,1.0
171,0,1,1,61.0,2.43004261923851,0,0,33.5,0.026075722042227415,1,0,0,1,0.0
172,0,3,1,4.0,-1.9479395999968028,4,1,29.125,-0.061964087717411374,0,0,1,0,1.0
173,1,3,0,1.0,-2.1783597167986612,1,1,11.1333,-0.42401799520369554,0,0,0,1,1.0
174,0,3,1,21.0,-0.6422256047862709,0,0,7.925,-0.48857985158126105,0,0,0,1,1.0
175,0,1,1,56.0,2.0460090912354123,0,0,30.6958,-0.03035427442131069,1,1,0,0,0.0
176,0,3,1,18.0,-0.8726457215881294,1,1,7.8542,-0.4900045872454856,0,0,0,1,1.0
177,0,3,1,28.0,-0.10457866558193422,3,1,25.4667,-0.13558146738453974,0,0,0,1,1.0
178,0,1,0,50.0,1.5851688576316951,0,0,28.7125,-0.07026498406617734,1,1,0,0,0.0
179,0,2,1,30.0,0.04903474561930482,0,0,13.0,-0.38645367226008004,0,0,0,1,0.5
180,0,3,1,36.0,0.5098749792230219,0,0,0.0,-0.6480576784030068,0,0,0,1,1.0
181,0,3,0,28.0,-0.10457866558193422,8,2,69.55,0.751523754461651,0,0,0,1,1.0
182,0,2,1,28.0,-0.10457866558193422,0,0,15.05,-0.3452007328298493,0,1,0,0,0.5
183,0,3,1,9.0,-1.563906071993705,4,2,31.3875,-0.016434928955998185,0,0,0,1,1.0
184,1,2,1,1.0,-2.1783597167986612,2,1,39.0,0.13675434002577333,1,0,0,1,0.5
185,1,3,0,4.0,-1.9479395999968028,0,2,22.025,-0.2048401218416252,0,0,0,1,1.0
186,0,1,1,28.0,-0.10457866558193422,0,0,50.0,0.35811157599286514,1,0,0,1,0.0
187,1,3,0,28.0,-0.10457866558193422,1,0,15.5,-0.3361452095402864,0,0,1,0,1.0
188,1,1,1,45.0,1.2011353296285976,0,0,26.55,-0.11378180431879875,0,0,0,1,0.0
189,0,3,1,40.0,0.8171018016255001,1,1,15.5,-0.3361452095402864,0,0,1,0,1.0
190,0,3,1,36.0,0.5098749792230219,0,0,7.8958,-0.4891674544258282,0,0,0,1,1.0
191,1,2,0,32.0,0.20264815682054385,0,0,13.0,-0.38645367226008004,0,0,0,1,0.5
192,0,2,1,19.0,-0.79583901598751,0,0,13.0,-0.38645367226008004,0,0,0,1,0.5
193,1,3,0,19.0,-0.79583901598751,1,0,7.8542,-0.4900045872454856,0,0,0,1,1.0
194,1,2,1,3.0,-2.0247463055974224,1,1,26.0,-0.12484966611715337,1,0,0,1,0.5
195,1,1,0,44.0,1.1243286240279782,0,0,27.7208,-0.09022134505786503,1,1,0,0,0.0
196,1,1,0,58.0,2.1996225024366516,0,0,146.5208,2.300436803386727,1,1,0,0,0.0
197,0,3,1,28.0,-0.10457866558193422,0,0,7.75,-0.49210144397164657,0,0,1,0,1.0
198,0,3,1,42.0,0.970715212826739,0,1,8.4042,-0.478936725447131,0,0,0,1,1.0
199,1,3,0,28.0,-0.10457866558193422,0,0,7.75,-0.49210144397164657,0,0,1,0,1.0
200,0,2,0,24.0,-0.4118054879844123,0,0,13.0,-0.38645367226008004,0,0,0,1,0.5
201,0,3,1,28.0,-0.10457866558193422,0,0,9.5,-0.4568855200677911,0,0,0,1,1.0
202,0,3,1,28.0,-0.10457866558193422,8,2,69.55,0.751523754461651,0,0,0,1,1.0
203,0,3,1,34.0,0.3562615680217829,0,0,6.4958,-0.5173401935489127,0,0,0,1,1.0
204,0,3,1,45.5,1.2395386824289074,0,0,7.225,-0.5026662211428032,0,1,0,0,1.0
205,1,3,1,18.0,-0.8726457215881294,0,0,8.05,-0.48606442844527137,0,0,0,1,1.0
206,0,3,0,2.0,-2.1015530111980416,0,1,10.4625,-0.43751676192067057,1,0,0,1,1.0
207,0,3,1,32.0,0.20264815682054385,1,0,15.85,-0.32910202475951533,0,0,0,1,1.0
208,1,3,1,26.0,-0.25819207678317324,0,0,18.7875,-0.26998958106375787,0,1,0,0,1.0
209,1,3,0,16.0,-1.0262591327893684,0,0,7.75,-0.49210144397164657,0,0,1,0,1.0
210,1,1,1,40.0,0.8171018016255001,0,0,31.0,-0.024232740677566176,1,1,0,0,0.0
211,0,3,1,24.0,-0.4118054879844123,0,0,7.05,-0.5061878135331888,0,0,0,1,1.0
212,1,2,0,35.0,0.4330682736224024,0,0,21.0,-0.22546659155674054,0,0,0,1,0.5
213,0,3,1,22.0,-0.5654188991856514,0,0,7.25,-0.5021631365156053,0,0,0,1,1.0
214,0,2,1,30.0,0.04903474561930482,0,0,13.0,-0.38645367226008004,0,0,0,1,0.5
215,0,3,1,28.0,-0.10457866558193422,1,0,7.75,-0.49210144397164657,0,0,1,0,1.0
216,1,1,0,31.0,0.12584145121992435,1,0,113.275,1.6314187674308411,1,1,0,0,0.0
217,1,3,0,27.0,-0.18138537118255374,0,0,7.925,-0.48857985158126105,0,0,0,1,1.0
218,0,2,1,42.0,0.970715212826739,1,0,27.0,-0.10472628102923592,0,0,0,1,0.5
219,1,1,0,32.0,0.20264815682054385,0,0,76.2917,0.8871895797088641,1,1,0,0,0.0
220,0,2,1,30.0,0.04903474561930482,0,0,10.5,-0.43676213497987365,0,0,0,1,0.5
221,1,3,1,16.0,-1.0262591327893684,0,0,8.05,-0.48606442844527137,0,0,0,1,1.0
222,0,2,1,27.0,-0.18138537118255374,0,0,13.0,-0.38645367226008004,0,0,0,1,0.5
223,0,3,1,51.0,1.6619755632323148,0,0,8.05,-0.48606442844527137,0,0,0,1,1.0
224,0,3,1,28.0,-0.10457866558193422,0,0,7.8958,-0.4891674544258282,0,0,0,1,1.0
225,1,1,1,38.0,0.663488390424261,1,0,90.0,1.1630469795095626,1,0,0,1,0.0
226,0,3,1,22.0,-0.5654188991856514,0,0,9.35,-0.45990402783097867,0,0,0,1,1.0
227,1,2,1,19.0,-0.79583901598751,0,0,10.5,-0.43676213497987365,0,0,0,1,0.5
228,0,3,1,20.5,-0.6806289575865806,0,0,7.25,-0.5021631365156053,0,0,0,1,1.0
229,0,2,1,18.0,-0.8726457215881294,0,0,13.0,-0.38645367226008004,0,0,0,1,0.5
230,0,3,0,28.0,-0.10457866558193422,3,1,25.4667,-0.13558146738453974,0,0,0,1,1.0
231,1,1,0,35.0,0.4330682736224024,1,0,83.475,1.0317418918109011,1,0,0,1,0.0
232,0,3,1,29.0,-0.027771959981314702,0,0,7.775,-0.4915983593444487,0,0,0,1,1.0
233,0,2,1,59.0,2.276429208037271,0,0,13.5,-0.3763919797161213,0,0,0,1,0.5
234,1,3,0,5.0,-1.8711328943961831,4,2,31.3875,-0.016434928955998185,0,0,0,1,1.0
235,0,2,1,24.0,-0.4118054879844123,0,0,10.5,-0.43676213497987365,0,0,0,1,0.5
236,0,3,0,28.0,-0.10457866558193422,0,0,7.55,-0.4961261209892301,0,0,0,1,1.0
237,0,2,1,44.0,1.1243286240279782,1,0,26.0,-0.12484966611715337,0,0,0,1,0.5
238,1,2,0,8.0,-1.6407127775943247,0,2,26.25,-0.11981881984517401,0,0,0,1,0.5
239,0,2,1,19.0,-0.79583901598751,0,0,10.5,-0.43676213497987365,0,0,0,1,0.5
240,0,2,1,33.0,0.27945486242116335,0,0,12.275,-0.40104312644882023,0,0,0,1,0.5
241,0,3,0,28.0,-0.10457866558193422,1,0,14.4542,-0.3571902456652305,0,1,0,0,1.0
242,1,3,0,28.0,-0.10457866558193422,1,0,15.5,-0.3361452095402864,0,0,1,0,1.0
243,0,2,1,29.0,-0.027771959981314702,0,0,10.5,-0.43676213497987365,0,0,0,1,0.5
244,0,3,1,22.0,-0.5654188991856514,0,0,7.125,-0.504678559651595,0,0,0,1,1.0
245,0,3,1,30.0,0.04903474561930482,0,0,7.225,-0.5026662211428032,0,1,0,0,1.0
246,0,1,1,44.0,1.1243286240279782,2,0,90.0,1.1630469795095626,1,0,1,0,0.0
247,0,3,0,25.0,-0.33499878238379277,0,0,7.775,-0.4915983593444487,0,0,0,1,1.0
248,1,2,0,24.0,-0.4118054879844123,0,2,14.5,-0.35626859462820387,0,0,0,1,0.5
249,1,1,1,37.0,0.5866816848236415,1,1,52.5542,0.40951072618442386,1,0,0,1,0.0
250,0,2,1,54.0,1.8923956800341732,1,0,26.0,-0.12484966611715337,0,0,0,1,0.5
251,0,3,1,28.0,-0.10457866558193422,0,0,7.25,-0.5021631365156053,0,0,0,1,1.0
252,0,3,0,29.0,-0.027771959981314702,1,1,10.4625,-0.43751676192067057,1,0,0,1,1.0
253,0,1,1,62.0,2.5068493248391293,0,0,26.55,-0.11378180431879875,1,0,0,1,0.0
254,0,3,1,30.0,0.04903474561930482,1,0,16.1,-0.32407117848753597,0,0,0,1,1.0
255,0,3,0,41.0,0.8939085072261196,0,2,20.2125,-0.24131375731347557,0,0,0,1,1.0
256,1,3,0,29.0,-0.027771959981314702,0,2,15.2458,-0.34126057402963506,0,1,0,0,1.0
257,1,1,0,28.0,-0.10457866558193422,0,0,79.2,0.9457144205600544,0,1,0,0,0.0
258,1,1,0,30.0,0.04903474561930482,0,0,86.5,1.0926151317018515,1,0,0,1,0.0
259,1,1,0,35.0,0.4330682736224024,0,0,512.3292,9.661740104981664,0,1,0,0,0.0
260,1,2,0,50.0,1.5851688576316951,0,1,26.0,-0.12484966611715337,0,0,0,1,0.5
261,0,3,1,28.0,-0.10457866558193422,0,0,7.75,-0.49210144397164657,0,0,1,0,1.0
262,1,3,1,3.0,-2.0247463055974224,4,2,31.3875,-0.016434928955998185,0,0,0,1,1.0
263,0,1,1,52.0,1.7387822688329342,1,1,79.65,0.9547699438496172,1,0,0,1,0.0
264,0,1,1,40.0,0.8171018016255001,0,0,0.0,-0.6480576784030068,1,0,0,1,0.0
265,0,3,0,28.0,-0.10457866558193422,0,0,7.75,-0.49210144397164657,0,0,1,0,1.0
266,0,2,1,36.0,0.5098749792230219,0,0,10.5,-0.43676213497987365,0,0,0,1,0.5
267,0,3,1,16.0,-1.0262591327893684,4,1,39.6875,0.15058916727371655,0,0,0,1,1.0
268,1,3,1,25.0,-0.33499878238379277,1,0,7.775,-0.4915983593444487,0,0,0,1,1.0
269,1,1,0,58.0,2.1996225024366516,0,1,153.4625,2.440127305651523,1,0,0,1,0.0
270,1,1,0,35.0,0.4330682736224024,0,0,135.6333,2.081343448242025,1,0,0,1,0.0
271,0,1,1,28.0,-0.10457866558193422,0,0,31.0,-0.024232740677566176,0,0,0,1,0.0
272,1,3,1,25.0,-0.33499878238379277,0,0,0.0,-0.6480576784030068,0,0,0,1,1.0
273,1,2,0,41.0,0.8939085072261196,0,1,19.5,-0.2556516691886167,0,0,0,1,0.5
274,0,1,1,37.0,0.5866816848236415,0,1,29.7,-0.05039314129185886,1,1,0,0,0.0
275,1,3,0,28.0,-0.10457866558193422,0,0,7.75,-0.49210144397164657,0,0,1,0,1.0
276,1,1,0,63.0,2.583656030439749,1,0,77.9583,0.9207272132963871,1,0,0,1,0.0
277,0,3,0,45.0,1.2011353296285976,0,0,7.75,-0.49210144397164657,0,0,0,1,1.0
278,0,2,1,28.0,-0.10457866558193422,0,0,0.0,-0.6480576784030068,0,0,0,1,0.5
279,0,3,1,7.0,-1.717519483194944,4,1,29.125,-0.061964087717411374,0,0,1,0,1.0
280,1,3,0,35.0,0.4330682736224024,1,1,20.25,-0.24055913037267862,0,0,0,1,1.0
281,0,3,1,65.0,2.737269441640988,0,0,7.75,-0.49210144397164657,0,0,1,0,1.0
282,0,3,1,28.0,-0.10457866558193422,0,0,7.8542,-0.4900045872454856,0,0,0,1,1.0
283,0,3,1,16.0,-1.0262591327893684,0,0,9.5,-0.4568855200677911,0,0,0,1,1.0
284,1,3,1,19.0,-0.79583901598751,0,0,8.05,-0.48606442844527137,0,0,0,1,1.0
285,0,1,1,28.0,-0.10457866558193422,0,0,26.0,-0.12484966611715337,1,0,0,1,0.0
286,0,3,1,33.0,0.27945486242116335,0,0,8.6625,-0.4737388550789219,0,1,0,0,1.0
287,1,3,1,30.0,0.04903474561930482,0,0,9.5,-0.4568855200677911,0,0,0,1,1.0
288,0,3,1,22.0,-0.5654188991856514,0,0,7.8958,-0.4891674544258282,0,0,0,1,1.0
289,1,2,1,42.0,0.970715212826739,0,0,13.0,-0.38645367226008004,0,0,0,1,0.5
290,1,3,0,22.0,-0.5654188991856514,0,0,7.75,-0.49210144397164657,0,0,1,0,1.0
291,1,1,0,26.0,-0.25819207678317324,0,0,78.85,0.938671235779283,0,0,0,1,0.0
292,1,1,0,19.0,-0.79583901598751,1,0,91.0792,1.1847641366964432,1,1,0,0,0.0
293,0,2,1,36.0,0.5098749792230219,0,0,12.875,-0.3889690953960697,1,1,0,0,0.5
294,0,3,0,24.0,-0.4118054879844123,0,0,8.85,-0.4699657203749374,0,0,0,1,1.0
295,0,3,1,24.0,-0.4118054879844123,0,0,7.8958,-0.4891674544258282,0,0,0,1,1.0
296,0,1,1,28.0,-0.10457866558193422,0,0,27.7208,-0.09022134505786503,0,1,0,0,0.0
297,0,3,1,23.5,-0.45020884078472206,0,0,7.2292,-0.502581702925434,0,1,0,0,1.0
298,0,1,0,2.0,-2.1015530111980416,1,2,151.55,2.401641331670881,1,0,0,1,0.0
299,1,1,1,28.0,-0.10457866558193422,0,0,30.5,-0.034294433221524895,1,0,0,1,0.0
300,1,1,0,50.0,1.5851688576316951,0,1,247.5208,4.332898697266388,1,1,0,0,0.0
301,1,3,0,28.0,-0.10457866558193422,0,0,7.75,-0.49210144397164657,0,0,1,0,1.0
302,1,3,1,28.0,-0.10457866558193422,2,0,23.25,-0.1801889751089263,0,0,1,0,1.0
303,0,3,1,19.0,-0.79583901598751,0,0,0.0,-0.6480576784030068,0,0,0,1,1.0
304,1,2,0,28.0,-0.10457866558193422,0,0,12.35,-0.39953387256722633,1,0,1,0,0.5
305,0,3,1,28.0,-0.10457866558193422,0,0,8.05,-0.48606442844527137,0,0,0,1,1.0
306,1,1,1,0.92,-2.1845042532467107,1,2,151.55,2.401641331670881,1,0,0,1,0.0
307,1,1,0,28.0,-0.10457866558193422,0,0,110.8833,1.583289667316069,0,1,0,0,0.0
308,1,1,0,17.0,-0.9494524271887489,1,0,108.9,1.5433789576712023,1,1,0,0,0.0
309,0,2,1,30.0,0.04903474561930482,1,0,24.0,-0.16509643629298823,0,1,0,0,0.5
310,1,1,0,30.0,0.04903474561930482,0,0,56.9292,0.4975505359440627,1,1,0,0,0.0
311,1,1,0,24.0,-0.4118054879844123,0,0,83.1583,1.0253688157535579,1,1,0,0,0.0
312,1,1,0,18.0,-0.8726457215881294,2,2,262.375,4.631815484039331,1,1,0,0,0.0
313,0,2,0,26.0,-0.25819207678317324,1,1,26.0,-0.12484966611715337,0,0,0,1,0.5
314,0,3,1,28.0,-0.10457866558193422,0,0,7.8958,-0.4891674544258282,0,0,0,1,1.0
315,0,2,1,43.0,1.0475219184273585,1,1,26.25,-0.11981881984517401,0,0,0,1,0.5
316,1,3,0,26.0,-0.25819207678317324,0,0,7.8542,-0.4900045872454856,0,0,0,1,1.0
317,1,2,0,24.0,-0.4118054879844123,1,0,26.0,-0.12484966611715337,0,0,0,1,0.5
318,0,2,1,54.0,1.8923956800341732,0,0,14.0,-0.3663302871721626,0,0,0,1,0.5
319,1,1,0,31.0,0.12584145121992435,0,2,164.8667,2.669618413871151,1,0,0,1,0.0
320,1,1,0,40.0,0.8171018016255001,1,1,134.5,2.0585376159218884,1,1,0,0,0.0
321,0,3,1,22.0,-0.5654188991856514,0,0,7.25,-0.5021631365156053,0,0,0,1,1.0
322,0,3,1,27.0,-0.18138537118255374,0,0,7.8958,-0.4891674544258282,0,0,0,1,1.0
323,1,2,0,30.0,0.04903474561930482,0,0,12.35,-0.39953387256722633,0,0,1,0,0.5
324,1,2,0,22.0,-0.5654188991856514,1,1,29.0,-0.06447951085340105,0,0,0,1,0.5
325,0,3,1,28.0,-0.10457866558193422,8,2,69.55,0.751523754461651,0,0,0,1,1.0
326,1,1,0,36.0,0.5098749792230219,0,0,135.6333,2.081343448242025,1,1,0,0,0.0
327,0,3,1,61.0,2.43004261923851,0,0,6.2375,-0.5225380639171217,0,0,0,1,1.0
328,1,2,0,36.0,0.5098749792230219,0,0,13.0,-0.38645367226008004,1,0,0,1,0.5
329,1,3,0,31.0,0.12584145121992435,1,1,20.525,-0.23502519947350137,0,0,0,1,1.0
330,1,1,0,16.0,-1.0262591327893684,0,1,57.9792,0.518680090286376,1,1,0,0,0.0
331,1,3,0,28.0,-0.10457866558193422,2,0,23.25,-0.1801889751089263,0,0,1,0,1.0
332,0,1,1,45.5,1.2395386824289074,0,0,28.5,-0.07454120339735977,1,0,0,1,0.0
333,0,1,1,38.0,0.663488390424261,0,1,153.4625,2.440127305651523,1,0,0,1,0.0
334,0,3,1,16.0,-1.0262591327893684,2,0,18.0,-0.28583674682049287,0,0,0,1,1.0
335,1,1,0,28.0,-0.10457866558193422,1,0,133.65,2.041432738597159,0,0,0,1,0.0
336,0,3,1,28.0,-0.10457866558193422,0,0,7.8958,-0.4891674544258282,0,0,0,1,1.0
337,0,1,1,29.0,-0.027771959981314702,1,0,66.6,0.6921597684522944,1,0,0,1,0.0
338,1,1,0,41.0,0.8939085072261196,0,0,134.5,2.0585376159218884,1,1,0,0,0.0
339,1,3,1,45.0,1.2011353296285976,0,0,8.05,-0.48606442844527137,0,0,0,1,1.0
340,0,1,1,45.0,1.2011353296285976,0,0,35.5,0.06632249221806229,1,0,0,1,0.0
341,1,2,1,2.0,-2.1015530111980416,1,1,26.0,-0.12484966611715337,1,0,0,1,0.5
342,1,1,0,24.0,-0.4118054879844123,3,2,263.0,4.644392599719279,1,0,0,1,0.0
343,0,2,1,28.0,-0.10457866558193422,0,0,13.0,-0.38645367226008004,0,0,0,1,0.5
344,0,2,1,25.0,-0.33499878238379277,0,0,13.0,-0.38645367226008004,0,0,0,1,0.5
345,0,2,1,36.0,0.5098749792230219,0,0,13.0,-0.38645367226008004,0,0,0,1,0.5
346,1,2,0,24.0,-0.4118054879844123,0,0,13.0,-0.38645367226008004,1,0,0,1,0.5
347,1,2,0,40.0,0.8171018016255001,0,0,13.0,-0.38645367226008004,0,0,0,1,0.5
348,1,3,0,28.0,-0.10457866558193422,1,0,16.1,-0.32407117848753597,0,0,0,1,1.0
349,1,3,1,3.0,-2.0247463055974224,1,1,15.9,-0.3280958555051195,0,0,0,1,1.0
350,0,3,1,42.0,0.970715212826739,0,0,8.6625,-0.4737388550789219,0,0,0,1,1.0
351,0,3,1,23.0,-0.48861219358503183,0,0,9.225,-0.46241945096696835,0,0,0,1,1.0
352,0,1,1,28.0,-0.10457866558193422,0,0,35.0,0.05626079967410357,1,0,0,1,0.0
353,0,3,1,15.0,-1.103065838389988,1,1,7.2292,-0.502581702925434,0,1,0,0,1.0
354,0,3,1,25.0,-0.33499878238379277,1,0,17.8,-0.28986142383807634,0,0,0,1,1.0
355,0,3,1,28.0,-0.10457866558193422,0,0,7.225,-0.5026662211428032,0,1,0,0,1.0
356,0,3,1,28.0,-0.10457866558193422,0,0,9.5,-0.4568855200677911,0,0,0,1,1.0
357,1,1,0,22.0,-0.5654188991856514,0,1,55.0,0.4587285014324523,1,0,0,1,0.0
358,0,2,0,38.0,0.663488390424261,0,0,13.0,-0.38645367226008004,0,0,0,1,0.5
359,1,3,0,28.0,-0.10457866558193422,0,0,7.8792,-0.4895015026182876,0,0,1,0,1.0
360,1,3,0,28.0,-0.10457866558193422,0,0,7.8792,-0.4895015026182876,0,0,1,0,1.0
361,0,3,1,40.0,0.8171018016255001,1,4,27.9,-0.08661523445011025,0,0,0,1,1.0
362,0,2,1,29.0,-0.027771959981314702,1,0,27.7208,-0.09022134505786503,0,1,0,0,0.5
363,0,3,0,45.0,1.2011353296285976,0,1,14.4542,-0.3571902456652305,0,1,0,0,1.0
364,0,3,1,35.0,0.4330682736224024,0,0,7.05,-0.5061878135331888,0,0,0,1,1.0
365,0,3,1,28.0,-0.10457866558193422,1,0,15.5,-0.3361452095402864,0,0,1,0,1.0
366,0,3,1,30.0,0.04903474561930482,0,0,7.25,-0.5021631365156053,0,0,0,1,1.0
367,1,1,0,60.0,2.3532359136378904,1,0,75.25,0.8662270494627804,1,1,0,0,0.0
368,1,3,0,28.0,-0.10457866558193422,0,0,7.2292,-0.502581702925434,0,1,0,0,1.0
369,1,3,0,28.0,-0.10457866558193422,0,0,7.75,-0.49210144397164657,0,0,1,0,1.0
370,1,1,0,24.0,-0.4118054879844123,0,0,69.3,0.7464929081896716,1,1,0,0,0.0
371,1,1,1,25.0,-0.33499878238379277,1,0,55.4417,0.4676170006257854,1,1,0,0,0.0
372,0,3,1,18.0,-0.8726457215881294,1,0,6.4958,-0.5173401935489127,0,0,0,1,1.0
373,0,3,1,19.0,-0.79583901598751,0,0,8.05,-0.48606442844527137,0,0,0,1,1.0
374,0,1,1,22.0,-0.5654188991856514,0,0,135.6333,2.081343448242025,0,1,0,0,0.0
375,0,3,0,3.0,-2.0247463055974224,3,1,21.075,-0.22395733767514675,0,0,0,1,1.0
376,1,1,0,28.0,-0.10457866558193422,1,0,82.1708,1.0054969729792393,0,1,0,0,0.0
377,1,3,0,22.0,-0.5654188991856514,0,0,7.25,-0.5021631365156053,0,0,0,1,1.0
378,0,1,1,27.0,-0.18138537118255374,0,2,211.5,3.6080382676915317,1,1,0,0,0.0
379,0,3,1,20.0,-0.7190323103868904,0,0,4.0125,-0.5673125957377381,0,1,0,0,1.0
380,0,3,1,19.0,-0.79583901598751,0,0,7.775,-0.4915983593444487,0,0,0,1,1.0
381,1,1,0,42.0,0.970715212826739,0,0,227.525,3.930515513725408,0,1,0,0,0.0
382,1,3,0,1.0,-2.1783597167986612,0,2,15.7417,-0.3312813873645368,0,1,0,0,1.0
383,0,3,1,32.0,0.20264815682054385,0,0,7.925,-0.48857985158126105,0,0,0,1,1.0
384,1,1,0,35.0,0.4330682736224024,1,0,52.0,0.39835834616870003,0,0,0,1,0.0
385,0,3,1,28.0,-0.10457866558193422,0,0,7.8958,-0.4891674544258282,0,0,0,1,1.0
386,0,2,1,18.0,-0.8726457215881294,0,0,73.5,0.8310111255589249,0,0,0,1,0.5
387,0,3,1,1.0,-2.1783597167986612,5,2,46.9,0.29572908222032107,0,0,0,1,1.0
388,1,2,0,36.0,0.5098749792230219,0,0,13.0,-0.38645367226008004,0,0,0,1,0.5
389,0,3,1,28.0,-0.10457866558193422,0,0,7.7292,-0.4925200103814753,0,0,1,0,1.0
390,1,2,0,17.0,-0.9494524271887489,0,0,12.0,-0.4065770573479975,0,1,0,0,0.5
391,1,1,1,36.0,0.5098749792230219,1,2,120.0,1.7667485321470857,1,0,0,1,0.0
392,1,3,1,21.0,-0.6422256047862709,0,0,7.7958,-0.49117979293462,0,0,0,1,1.0
393,0,3,1,28.0,-0.10457866558193422,2,0,7.925,-0.48857985158126105,0,0,0,1,1.0
394,1,1,0,23.0,-0.48861219358503183,1,0,113.275,1.6314187674308411,1,1,0,0,0.0
395,1,3,0,24.0,-0.4118054879844123,0,2,16.7,-0.3119971474347855,1,0,0,1,1.0
396,0,3,1,22.0,-0.5654188991856514,0,0,7.7958,-0.49117979293462,0,0,0,1,1.0
397,0,3,0,31.0,0.12584145121992435,0,0,7.8542,-0.4900045872454856,0,0,0,1,1.0
398,0,2,1,46.0,1.2779420352292172,0,0,26.0,-0.12484966611715337,0,0,0,1,0.5
399,0,2,1,23.0,-0.48861219358503183,0,0,10.5,-0.43676213497987365,0,0,0,1,0.5
400,1,2,0,28.0,-0.10457866558193422,0,0,12.65,-0.3934968570408512,0,0,0,1,0.5
401,1,3,1,39.0,0.7402950960248805,0,0,7.925,-0.48857985158126105,0,0,0,1,1.0
402,0,3,1,26.0,-0.25819207678317324,0,0,8.05,-0.48606442844527137,0,0,0,1,1.0
403,0,3,0,21.0,-0.6422256047862709,1,0,9.825,-0.45034541991421795,0,0,0,1,1.0
404,0,3,1,28.0,-0.10457866558193422,1,0,15.85,-0.32910202475951533,0,0,0,1,1.0
405,0,3,0,20.0,-0.7190323103868904,0,0,8.6625,-0.4737388550789219,0,0,0,1,1.0
406,0,2,1,34.0,0.3562615680217829,1,0,21.0,-0.22546659155674054,0,0,0,1,0.5
407,0,3,1,51.0,1.6619755632323148,0,0,7.75,-0.49210144397164657,0,0,0,1,1.0
408,1,2,1,3.0,-2.0247463055974224,1,1,18.75,-0.2707442080045548,0,0,0,1,0.5
409,0,3,1,21.0,-0.6422256047862709,0,0,7.775,-0.4915983593444487,0,0,0,1,1.0
410,0,3,0,28.0,-0.10457866558193422,3,1,25.4667,-0.13558146738453974,0,0,0,1,1.0
411,0,3,1,28.0,-0.10457866558193422,0,0,7.8958,-0.4891674544258282,0,0,0,1,1.0
412,0,3,1,28.0,-0.10457866558193422,0,0,6.8583,-0.5100454664545425,0,0,1,0,1.0
413,1,1,0,33.0,0.27945486242116335,1,0,90.0,1.1630469795095626,1,0,1,0,0.0
414,0,2,1,28.0,-0.10457866558193422,0,0,0.0,-0.6480576784030068,0,0,0,1,0.5
415,1,3,1,44.0,1.1243286240279782,0,0,7.925,-0.48857985158126105,0,0,0,1,1.0
416,0,3,0,28.0,-0.10457866558193422,0,0,8.05,-0.48606442844527137,0,0,0,1,1.0
417,1,2,0,34.0,0.3562615680217829,1,1,32.5,0.005952336954309979,0,0,0,1,0.5
418,1,2,0,18.0,-0.8726457215881294,0,2,13.0,-0.38645367226008004,0,0,0,1,0.5
419,0,2,1,30.0,0.04903474561930482,0,0,13.0,-0.38645367226008004,0,0,0,1,0.5
420,0,3,0,10.0,-1.4870993663930856,0,2,24.15,-0.16207792852980066,0,0,0,1,1.0
421,0,3,1,28.0,-0.10457866558193422,0,0,7.8958,-0.4891674544258282,0,1,0,0,1.0
422,0,3,1,21.0,-0.6422256047862709,0,0,7.7333,-0.4924375045026148,0,0,1,0,1.0
423,0,3,1,29.0,-0.027771959981314702,0,0,7.875,-0.4895860208356569,0,0,0,1,1.0
424,0,3,0,28.0,-0.10457866558193422,1,1,14.4,-0.35828093313699566,0,0,0,1,1.0
425,0,3,1,18.0,-0.8726457215881294,1,1,20.2125,-0.24131375731347557,0,0,0,1,1.0
426,0,3,1,28.0,-0.10457866558193422,0,0,7.25,-0.5021631365156053,0,0,0,1,1.0
427,1,2,0,28.0,-0.10457866558193422,1,0,26.0,-0.12484966611715337,0,0,0,1,0.5
428,1,2,0,19.0,-0.79583901598751,0,0,26.0,-0.12484966611715337,0,0,0,1,0.5
429,0,3,1,28.0,-0.10457866558193422,0,0,7.75,-0.49210144397164657,0,0,1,0,1.0
430,1,3,1,32.0,0.20264815682054385,0,0,8.05,-0.48606442844527137,1,0,0,1,1.0
431,1,1,1,28.0,-0.10457866558193422,0,0,26.55,-0.11378180431879875,1,0,0,1,0.0
432,1,3,0,28.0,-0.10457866558193422,1,0,16.1,-0.32407117848753597,0,0,0,1,1.0
433,1,2,0,42.0,0.970715212826739,1,0,26.0,-0.12484966611715337,0,0,0,1,0.5
434,0,3,1,17.0,-0.9494524271887489,0,0,7.125,-0.504678559651595,0,0,0,1,1.0
435,0,1,1,50.0,1.5851688576316951,1,0,55.9,0.47683954801157796,1,0,0,1,0.0
436,1,1,0,14.0,-1.1798725439906075,1,2,120.0,1.7667485321470857,1,0,0,1,0.0
437,0,3,0,21.0,-0.6422256047862709,2,2,34.375,0.043683683994155176,0,0,0,1,1.0
438,1,2,0,24.0,-0.4118054879844123,2,3,18.75,-0.2707442080045548,0,0,0,1,0.5
439,0,1,1,64.0,2.6604627360403685,1,4,263.0,4.644392599719279,1,0,0,1,0.0
440,0,2,1,31.0,0.12584145121992435,0,0,10.5,-0.43676213497987365,0,0,0,1,0.5
441,1,2,0,45.0,1.2011353296285976,1,1,26.25,-0.11981881984517401,0,0,0,1,0.5
442,0,3,1,20.0,-0.7190323103868904,0,0,9.5,-0.4568855200677911,0,0,0,1,1.0
443,0,3,1,25.0,-0.33499878238379277,1,0,7.775,-0.4915983593444487,0,0,0,1,1.0
444,1,2,0,28.0,-0.10457866558193422,0,0,13.0,-0.38645367226008004,0,0,0,1,0.5
445,1,3,1,28.0,-0.10457866558193422,0,0,8.1125,-0.4848067168772765,0,0,0,1,1.0
446,1,1,1,4.0,-1.9479395999968028,0,2,81.8583,0.9992084151392652,1,0,0,1,0.0
447,1,2,0,13.0,-1.2566792495912271,0,1,19.5,-0.2556516691886167,0,0,0,1,0.5
448,1,1,1,34.0,0.3562615680217829,0,0,26.55,-0.11378180431879875,0,0,0,1,0.0
449,1,3,0,5.0,-1.8711328943961831,2,1,19.2583,-0.26051549136436636,0,1,0,0,1.0
450,1,1,1,52.0,1.7387822688329342,0,0,30.5,-0.034294433221524895,1,0,0,1,0.0
451,0,2,1,36.0,0.5098749792230219,1,2,27.75,-0.08963374221329785,0,0,0,1,0.5
452,0,3,1,28.0,-0.10457866558193422,1,0,19.9667,-0.24626008536808563,0,0,0,1,1.0
453,0,1,1,30.0,0.04903474561930482,0,0,27.75,-0.08963374221329785,1,1,0,0,0.0
454,1,1,1,49.0,1.5083621520310757,1,0,89.1042,1.1450204511478064,1,1,0,0,0.0
455,0,3,1,28.0,-0.10457866558193422,0,0,8.05,-0.48606442844527137,0,0,0,1,1.0
456,1,3,1,29.0,-0.027771959981314702,0,0,7.8958,-0.4891674544258282,0,1,0,0,1.0
457,0,1,1,65.0,2.737269441640988,0,0,26.55,-0.11378180431879875,1,0,0,1,0.0
458,1,1,0,28.0,-0.10457866558193422,1,0,51.8625,0.3955913807191113,1,0,0,1,0.0
459,1,2,0,50.0,1.5851688576316951,0,0,10.5,-0.43676213497987365,0,0,0,1,0.5
460,0,3,1,28.0,-0.10457866558193422,0,0,7.75,-0.49210144397164657,0,0,1,0,1.0
461,1,1,1,48.0,1.431555446430456,0,0,26.55,-0.11378180431879875,1,0,0,1,0.0
462,0,3,1,34.0,0.3562615680217829,0,0,8.05,-0.48606442844527137,0,0,0,1,1.0
463,0,1,1,47.0,1.3547487408298367,0,0,38.5,0.1266926474818146,1,0,0,1,0.0
464,0,2,1,48.0,1.431555446430456,0,0,13.0,-0.38645367226008004,0,0,0,1,0.5
465,0,3,1,28.0,-0.10457866558193422,0,0,8.05,-0.48606442844527137,0,0,0,1,1.0
466,0,3,1,38.0,0.663488390424261,0,0,7.05,-0.5061878135331888,0,0,0,1,1.0
467,0,2,1,28.0,-0.10457866558193422,0,0,0.0,-0.6480576784030068,0,0,0,1,0.5
468,0,1,1,56.0,2.0460090912354123,0,0,26.55,-0.11378180431879875,0,0,0,1,0.0
469,0,3,1,28.0,-0.10457866558193422,0,0,7.725,-0.4926045285988445,0,0,1,0,1.0
470,1,3,0,0.75,-2.197561393198816,2,1,19.2583,-0.26051549136436636,0,1,0,0,1.0
471,0,3,1,28.0,-0.10457866558193422,0,0,7.25,-0.5021631365156053,0,0,0,1,1.0
472,0,3,1,38.0,0.663488390424261,0,0,8.6625,-0.4737388550789219,0,0,0,1,1.0
473,1,2,0,33.0,0.27945486242116335,1,2,27.75,-0.08963374221329785,0,0,0,1,0.5
474,1,2,0,23.0,-0.48861219358503183,0,0,13.7917,-0.3705219882859758,1,1,0,0,0.5
475,0,3,0,22.0,-0.5654188991856514,0,0,9.8375,-0.450093877600619,0,0,0,1,1.0
476,0,1,1,28.0,-0.10457866558193422,0,0,52.0,0.39835834616870003,1,0,0,1,0.0
477,0,2,1,34.0,0.3562615680217829,1,0,21.0,-0.22546659155674054,0,0,0,1,0.5
478,0,3,1,29.0,-0.027771959981314702,1,0,7.0458,-0.5062723317505581,0,0,0,1,1.0
479,0,3,1,22.0,-0.5654188991856514,0,0,7.5208,-0.49671372383379725,0,0,0,1,1.0
480,1,3,0,2.0,-2.1015530111980416,0,1,12.2875,-0.4007915841352212,0,0,0,1,1.0
481,0,3,1,9.0,-1.563906071993705,5,2,46.9,0.29572908222032107,0,0,0,1,1.0
482,0,2,1,28.0,-0.10457866558193422,0,0,0.0,-0.6480576784030068,0,0,0,1,0.5
483,0,3,1,50.0,1.5851688576316951,0,0,8.05,-0.48606442844527137,0,0,0,1,1.0
484,1,3,0,63.0,2.583656030439749,0,0,9.5875,-0.45512472387259834,0,0,0,1,1.0
485,1,1,1,25.0,-0.33499878238379277,1,0,91.0792,1.1847641366964432,1,1,0,0,0.0
486,0,3,0,28.0,-0.10457866558193422,3,1,25.4667,-0.13558146738453974,0,0,0,1,1.0
487,1,1,0,35.0,0.4330682736224024,1,0,90.0,1.1630469795095626,1,0,0,1,0.0
488,0,1,1,58.0,2.1996225024366516,0,0,29.7,-0.05039314129185886,1,1,0,0,0.0
489,0,3,1,30.0,0.04903474561930482,0,0,8.05,-0.48606442844527137,0,0,0,1,1.0
490,1,3,1,9.0,-1.563906071993705,1,1,15.9,-0.3280958555051195,0,0,0,1,1.0
491,0,3,1,28.0,-0.10457866558193422,1,0,19.9667,-0.24626008536808563,0,0,0,1,1.0
492,0,3,1,21.0,-0.6422256047862709,0,0,7.25,-0.5021631365156053,0,0,0,1,1.0
493,0,1,1,55.0,1.9692023856347929,0,0,30.5,-0.034294433221524895,1,0,0,1,0.0
494,0,1,1,71.0,3.198109675244705,0,0,49.5042,0.34813440166627563,0,1,0,0,0.0
495,0,3,1,21.0,-0.6422256047862709,0,0,8.05,-0.48606442844527137,0,0,0,1,1.0
496,0,3,1,28.0,-0.10457866558193422,0,0,14.4583,-0.35710773978637,0,1,0,0,1.0
497,1,1,0,54.0,1.8923956800341732,1,0,78.2667,0.926933265257501,1,1,0,0,0.0
498,0,3,1,28.0,-0.10457866558193422,0,0,15.1,-0.3441945635754534,0,0,0,1,1.0
499,0,1,0,25.0,-0.33499878238379277,1,2,151.55,2.401641331670881,1,0,0,1,0.0
500,0,3,1,24.0,-0.4118054879844123,0,0,7.7958,-0.49117979293462,0,0,0,1,1.0
501,0,3,1,17.0,-0.9494524271887489,0,0,8.6625,-0.4737388550789219,0,0,0,1,1.0
502,0,3,0,21.0,-0.6422256047862709,0,0,7.75,-0.49210144397164657,0,0,1,0,1.0
503,0,3,0,28.0,-0.10457866558193422,0,0,7.6292,-0.494532348890267,0,0,1,0,1.0
504,0,3,0,37.0,0.5866816848236415,0,0,9.5875,-0.45512472387259834,0,0,0,1,1.0
505,1,1,0,16.0,-1.0262591327893684,0,0,86.5,1.0926151317018515,1,0,0,1,0.0
506,0,1,1,18.0,-0.8726457215881294,1,0,108.9,1.5433789576712023,1,1,0,0,0.0
507,1,2,0,33.0,0.27945486242116335,0,2,26.0,-0.12484966611715337,0,0,0,1,0.5
508,1,1,1,28.0,-0.10457866558193422,0,0,26.55,-0.11378180431879875,0,0,0,1,0.0
509,0,3,1,28.0,-0.10457866558193422,0,0,22.525,-0.19477842929766648,0,0,0,1,1.0
510,1,3,1,26.0,-0.25819207678317324,0,0,56.4958,0.48882906084695926,0,0,0,1,1.0
511,1,3,1,29.0,-0.027771959981314702,0,0,7.75,-0.49210144397164657,0,0,1,0,1.0
512,0,3,1,28.0,-0.10457866558193422,0,0,8.05,-0.48606442844527137,0,0,0,1,1.0
513,1,1,1,36.0,0.5098749792230219,0,0,26.2875,-0.11906419290437707,1,0,0,1,0.0
514,1,1,0,54.0,1.8923956800341732,1,0,59.4,0.547271395819289,0,1,0,0,0.0
515,0,3,1,24.0,-0.4118054879844123,0,0,7.4958,-0.4972168084609952,0,0,0,1,1.0
516,0,1,1,47.0,1.3547487408298367,0,0,34.0208,0.03655598099601484,1,0,0,1,0.0
517,1,2,0,34.0,0.3562615680217829,0,0,10.5,-0.43676213497987365,1,0,0,1,0.5
518,0,3,1,28.0,-0.10457866558193422,0,0,24.15,-0.16207792852980066,0,0,1,0,1.0
519,1,2,0,36.0,0.5098749792230219,1,0,26.0,-0.12484966611715337,0,0,0,1,0.5
520,0,3,1,32.0,0.20264815682054385,0,0,7.8958,-0.4891674544258282,0,0,0,1,1.0
521,1,1,0,30.0,0.04903474561930482,0,0,93.5,1.2334788273172737,1,0,0,1,0.0
522,0,3,1,22.0,-0.5654188991856514,0,0,7.8958,-0.4891674544258282,0,0,0,1,1.0
523,0,3,1,28.0,-0.10457866558193422,0,0,7.225,-0.5026662211428032,0,1,0,0,1.0
524,1,1,0,44.0,1.1243286240279782,0,1,57.9792,0.518680090286376,1,1,0,0,0.0
525,0,3,1,28.0,-0.10457866558193422,0,0,7.2292,-0.502581702925434,0,1,0,0,1.0
526,0,3,1,40.5,0.8555051544258098,0,0,7.75,-0.49210144397164657,0,0,1,0,1.0
527,1,2,0,50.0,1.5851688576316951,0,0,10.5,-0.43676213497987365,0,0,0,1,0.5
528,0,1,1,28.0,-0.10457866558193422,0,0,221.7792,3.8148905676872524,1,0,0,1,0.0
529,0,3,1,39.0,0.7402950960248805,0,0,7.925,-0.48857985158126105,0,0,0,1,1.0
530,0,2,1,23.0,-0.48861219358503183,2,1,11.5,-0.4166387498919562,0,0,0,1,0.5
531,1,2,0,2.0,-2.1015530111980416,1,1,26.0,-0.12484966611715337,0,0,0,1,0.5
532,0,3,1,28.0,-0.10457866558193422,0,0,7.2292,-0.502581702925434,0,1,0,0,1.0
533,0,3,1,17.0,-0.9494524271887489,1,1,7.2292,-0.502581702925434,0,1,0,0,1.0
534,1,3,0,28.0,-0.10457866558193422,0,2,22.3583,-0.1981329975918223,0,1,0,0,1.0
535,0,3,0,30.0,0.04903474561930482,0,0,8.6625,-0.4737388550789219,0,0,0,1,1.0
536,1,2,0,7.0,-1.717519483194944,0,2,26.25,-0.11981881984517401,0,0,0,1,0.5
537,0,1,1,45.0,1.2011353296285976,0,0,26.55,-0.11378180431879875,1,0,0,1,0.0
538,1,1,0,30.0,0.04903474561930482,0,0,106.425,1.4935735795786065,0,1,0,0,0.0
539,0,3,1,28.0,-0.10457866558193422,0,0,14.5,-0.35626859462820387,0,0,0,1,1.0
540,1,1,0,22.0,-0.5654188991856514,0,2,49.5,0.3480498834489064,1,1,0,0,0.0
541,1,1,0,36.0,0.5098749792230219,0,2,71.0,0.7807026628391313,1,0,0,1,0.0
542,0,3,0,9.0,-1.563906071993705,4,2,31.275,-0.01869880977838891,0,0,0,1,1.0
543,0,3,0,11.0,-1.410292660792466,4,2,31.275,-0.01869880977838891,0,0,0,1,1.0
544,1,2,1,32.0,0.20264815682054385,1,0,26.0,-0.12484966611715337,0,0,0,1,0.5
545,0,1,1,50.0,1.5851688576316951,1,0,106.425,1.4935735795786065,1,1,0,0,0.0
546,0,1,1,64.0,2.6604627360403685,0,0,26.0,-0.12484966611715337,0,0,0,1,0.0
547,1,2,0,19.0,-0.79583901598751,1,0,26.0,-0.12484966611715337,0,0,0,1,0.5
548,1,2,1,28.0,-0.10457866558193422,0,0,13.8625,-0.36909725262175125,0,1,0,0,0.5
549,0,3,1,33.0,0.27945486242116335,1,1,20.525,-0.23502519947350137,0,0,0,1,1.0
550,1,2,1,8.0,-1.6407127775943247,1,1,36.75,0.0914767235779591,0,0,0,1,0.5
551,1,1,1,17.0,-0.9494524271887489,0,2,110.8833,1.583289667316069,1,1,0,0,0.0
552,0,2,1,27.0,-0.18138537118255374,0,0,26.0,-0.12484966611715337,0,0,0,1,0.5
553,0,3,1,28.0,-0.10457866558193422,0,0,7.8292,-0.4905076718726835,0,0,1,0,1.0
554,1,3,1,22.0,-0.5654188991856514,0,0,7.225,-0.5026662211428032,0,1,0,0,1.0
555,1,3,0,22.0,-0.5654188991856514,0,0,7.775,-0.4915983593444487,0,0,0,1,1.0
556,0,1,1,62.0,2.5068493248391293,0,0,26.55,-0.11378180431879875,0,0,0,1,0.0
557,1,1,0,48.0,1.431555446430456,1,0,39.6,0.1488283710785238,1,1,0,0,0.0
558,0,1,1,28.0,-0.10457866558193422,0,0,227.525,3.930515513725408,0,1,0,0,0.0
559,1,1,0,39.0,0.7402950960248805,1,1,79.65,0.9547699438496172,1,0,0,1,0.0
560,1,3,0,36.0,0.5098749792230219,1,0,17.4,-0.2979107778732433,0,0,0,1,1.0
561,0,3,1,28.0,-0.10457866558193422,0,0,7.75,-0.49210144397164657,0,0,1,0,1.0
562,0,3,1,40.0,0.8171018016255001,0,0,7.8958,-0.4891674544258282,0,0,0,1,1.0
563,0,2,1,28.0,-0.10457866558193422,0,0,13.5,-0.3763919797161213,0,0,0,1,0.5
564,0,3,1,28.0,-0.10457866558193422,0,0,8.05,-0.48606442844527137,0,0,0,1,1.0
565,0,3,0,28.0,-0.10457866558193422,0,0,8.05,-0.48606442844527137,0,0,0,1,1.0
566,0,3,1,24.0,-0.4118054879844123,2,0,24.15,-0.16207792852980066,0,0,0,1,1.0
567,0,3,1,19.0,-0.79583901598751,0,0,7.8958,-0.4891674544258282,0,0,0,1,1.0
568,0,3,0,29.0,-0.027771959981314702,0,4,21.075,-0.22395733767514675,0,0,0,1,1.0
569,0,3,1,28.0,-0.10457866558193422,0,0,7.2292,-0.502581702925434,0,1,0,0,1.0
570,1,3,1,32.0,0.20264815682054385,0,0,7.8542,-0.4900045872454856,0,0,0,1,1.0
571,1,2,1,62.0,2.5068493248391293,0,0,10.5,-0.43676213497987365,0,0,0,1,0.5
572,1,1,0,53.0,1.8155889744335538,2,0,51.4792,0.38787808721491257,1,0,0,1,0.0
573,1,1,1,36.0,0.5098749792230219,0,0,26.3875,-0.11705185439558537,1,0,0,1,0.0
574,1,3,0,28.0,-0.10457866558193422,0,0,7.75,-0.49210144397164657,0,0,1,0,1.0
575,0,3,1,16.0,-1.0262591327893684,0,0,8.05,-0.48606442844527137,0,0,0,1,1.0
576,0,3,1,19.0,-0.79583901598751,0,0,14.5,-0.35626859462820387,0,0,0,1,1.0
577,1,2,0,34.0,0.3562615680217829,0,0,13.0,-0.38645367226008004,0,0,0,1,0.5
578,1,1,0,39.0,0.7402950960248805,1,0,55.9,0.47683954801157796,1,0,0,1,0.0
579,0,3,0,28.0,-0.10457866558193422,1,0,14.4583,-0.35710773978637,0,1,0,0,1.0
580,1,3,1,32.0,0.20264815682054385,0,0,7.925,-0.48857985158126105,0,0,0,1,1.0
581,1,2,0,25.0,-0.33499878238379277,1,1,30.0,-0.04435612576548362,0,0,0,1,0.5
582,1,1,0,39.0,0.7402950960248805,1,1,110.8833,1.583289667316069,1,1,0,0,0.0
583,0,2,1,54.0,1.8923956800341732,0,0,26.0,-0.12484966611715337,0,0,0,1,0.5
584,0,1,1,36.0,0.5098749792230219,0,0,40.125,0.15939314824968043,1,1,0,0,0.0
585,0,3,1,28.0,-0.10457866558193422,0,0,8.7125,-0.4727326858245261,0,1,0,0,1.0
586,1,1,0,18.0,-0.8726457215881294,0,2,79.65,0.9547699438496172,1,0,0,1,0.0
587,0,2,1,47.0,1.3547487408298367,0,0,15.0,-0.34620690208424515,0,0,0,1,0.5
588,1,1,1,60.0,2.3532359136378904,1,1,79.2,0.9457144205600544,1,1,0,0,0.0
589,0,3,1,22.0,-0.5654188991856514,0,0,8.05,-0.48606442844527137,0,0,0,1,1.0
590,0,3,1,28.0,-0.10457866558193422,0,0,8.05,-0.48606442844527137,0,0,0,1,1.0
591,0,3,1,35.0,0.4330682736224024,0,0,7.125,-0.504678559651595,0,0,0,1,1.0
592,1,1,0,52.0,1.7387822688329342,1,0,78.2667,0.926933265257501,1,1,0,0,0.0
593,0,3,1,47.0,1.3547487408298367,0,0,7.25,-0.5021631365156053,0,0,0,1,1.0
594,0,3,0,28.0,-0.10457866558193422,0,2,7.75,-0.49210144397164657,0,0,1,0,1.0
595,0,2,1,37.0,0.5866816848236415,1,0,26.0,-0.12484966611715337,0,0,0,1,0.5
596,0,3,1,36.0,0.5098749792230219,1,1,24.15,-0.16207792852980066,0,0,0,1,1.0
597,1,2,0,28.0,-0.10457866558193422,0,0,33.0,0.016014029498268696,0,0,0,1,0.5
598,0,3,1,49.0,1.5083621520310757,0,0,0.0,-0.6480576784030068,0,0,0,1,1.0
599,0,3,1,28.0,-0.10457866558193422,0,0,7.225,-0.5026662211428032,0,1,0,0,1.0
600,1,1,1,49.0,1.5083621520310757,1,0,56.9292,0.4975505359440627,1,1,0,0,0.0
601,1,2,0,24.0,-0.4118054879844123,2,1,27.0,-0.10472628102923592,0,0,0,1,0.5
602,0,3,1,28.0,-0.10457866558193422,0,0,7.8958,-0.4891674544258282,0,0,0,1,1.0
603,0,1,1,28.0,-0.10457866558193422,0,0,42.4,0.20517384932469257,0,0,0,1,0.0
604,0,3,1,44.0,1.1243286240279782,0,0,8.05,-0.48606442844527137,0,0,0,1,1.0
605,1,1,1,35.0,0.4330682736224024,0,0,26.55,-0.11378180431879875,0,1,0,0,0.0
606,0,3,1,36.0,0.5098749792230219,1,0,15.55,-0.3351390402858906,0,0,0,1,1.0
607,0,3,1,30.0,0.04903474561930482,0,0,7.8958,-0.4891674544258282,0,0,0,1,1.0
608,1,1,1,27.0,-0.18138537118255374,0,0,30.5,-0.034294433221524895,0,0,0,1,0.0
609,1,2,0,22.0,-0.5654188991856514,1,2,41.5792,0.18865657484452997,0,1,0,0,0.5
610,1,1,0,40.0,0.8171018016255001,0,0,153.4625,2.440127305651523,1,0,0,1,0.0
611,0,3,0,39.0,0.7402950960248805,1,5,31.275,-0.01869880977838891,0,0,0,1,1.0
612,0,3,1,28.0,-0.10457866558193422,0,0,7.05,-0.5061878135331888,0,0,0,1,1.0
613,1,3,0,28.0,-0.10457866558193422,1,0,15.5,-0.3361452095402864,0,0,1,0,1.0
614,0,3,1,28.0,-0.10457866558193422,0,0,7.75,-0.49210144397164657,0,0,1,0,1.0
615,0,3,1,35.0,0.4330682736224024,0,0,8.05,-0.48606442844527137,0,0,0,1,1.0
616,1,2,0,24.0,-0.4118054879844123,1,2,65.0,0.6599623523116267,0,0,0,1,0.5
617,0,3,1,34.0,0.3562615680217829,1,1,14.4,-0.35828093313699566,0,0,0,1,1.0
618,0,3,0,26.0,-0.25819207678317324,1,0,16.1,-0.32407117848753597,0,0,0,1,1.0
619,1,2,0,4.0,-1.9479395999968028,2,1,39.0,0.13675434002577333,1,0,0,1,0.5
620,0,2,1,26.0,-0.25819207678317324,0,0,10.5,-0.43676213497987365,0,0,0,1,0.5
621,0,3,1,27.0,-0.18138537118255374,1,0,14.4542,-0.3571902456652305,0,1,0,0,1.0
622,1,1,1,42.0,0.970715212826739,1,0,52.5542,0.40951072618442386,1,0,0,1,0.0
623,1,3,1,20.0,-0.7190323103868904,1,1,15.7417,-0.3312813873645368,0,1,0,0,1.0
624,0,3,1,21.0,-0.6422256047862709,0,0,7.8542,-0.4900045872454856,0,0,0,1,1.0
625,0,3,1,21.0,-0.6422256047862709,0,0,16.1,-0.32407117848753597,0,0,0,1,1.0
626,0,1,1,61.0,2.43004261923851,0,0,32.3208,0.002346226346555142,1,0,0,1,0.0
627,0,2,1,57.0,2.122815796836032,0,0,12.35,-0.39953387256722633,0,0,1,0,0.5
628,1,1,0,21.0,-0.6422256047862709,0,0,77.9583,0.9207272132963871,1,0,0,1,0.0
629,0,3,1,26.0,-0.25819207678317324,0,0,7.8958,-0.4891674544258282,0,0,0,1,1.0
630,0,3,1,28.0,-0.10457866558193422,0,0,7.7333,-0.4924375045026148,0,0,1,0,1.0
631,1,1,1,80.0,3.889370025650281,0,0,30.0,-0.04435612576548362,1,0,0,1,0.0
632,0,3,1,51.0,1.6619755632323148,0,0,7.0542,-0.5061032953158195,0,0,0,1,1.0
633,1,1,1,32.0,0.20264815682054385,0,0,30.5,-0.034294433221524895,1,1,0,0,0.0
634,0,1,1,28.0,-0.10457866558193422,0,0,0.0,-0.6480576784030068,0,0,0,1,0.0
635,0,3,0,9.0,-1.563906071993705,3,2,27.9,-0.08661523445011025,0,0,0,1,1.0
636,1,2,0,28.0,-0.10457866558193422,0,0,13.0,-0.38645367226008004,0,0,0,1,0.5
637,0,3,1,32.0,0.20264815682054385,0,0,7.925,-0.48857985158126105,0,0,0,1,1.0
638,0,2,1,31.0,0.12584145121992435,1,1,26.25,-0.11981881984517401,0,0,0,1,0.5
639,0,3,0,41.0,0.8939085072261196,0,5,39.6875,0.15058916727371655,0,0,0,1,1.0
640,0,3,1,28.0,-0.10457866558193422,1,0,16.1,-0.32407117848753597,0,0,0,1,1.0
641,0,3,1,20.0,-0.7190323103868904,0,0,7.8542,-0.4900045872454856,0,0,0,1,1.0
642,1,1,0,24.0,-0.4118054879844123,0,0,69.3,0.7464929081896716,1,1,0,0,0.0
643,0,3,0,2.0,-2.1015530111980416,3,2,27.9,-0.08661523445011025,0,0,0,1,1.0
644,1,3,1,28.0,-0.10457866558193422,0,0,56.4958,0.48882906084695926,0,0,0,1,1.0
645,1,3,0,0.75,-2.197561393198816,2,1,19.2583,-0.26051549136436636,0,1,0,0,1.0
646,1,1,1,48.0,1.431555446430456,1,0,76.7292,0.895993560684828,1,1,0,0,0.0
647,0,3,1,19.0,-0.79583901598751,0,0,7.8958,-0.4891674544258282,0,0,0,1,1.0
648,1,1,1,56.0,2.0460090912354123,0,0,35.5,0.06632249221806229,1,1,0,0,0.0
649,0,3,1,28.0,-0.10457866558193422,0,0,7.55,-0.4961261209892301,0,0,0,1,1.0
650,1,3,0,23.0,-0.48861219358503183,0,0,7.55,-0.4961261209892301,0,0,0,1,1.0
651,0,3,1,28.0,-0.10457866558193422,0,0,7.8958,-0.4891674544258282,0,0,0,1,1.0
652,1,2,0,18.0,-0.8726457215881294,0,1,23.0,-0.18521982138090567,0,0,0,1,0.5
653,0,3,1,21.0,-0.6422256047862709,0,0,8.4333,-0.4783511349410726,0,0,0,1,1.0
654,1,3,0,28.0,-0.10457866558193422,0,0,7.8292,-0.4905076718726835,0,0,1,0,1.0
655,0,3,0,18.0,-0.8726457215881294,0,0,6.75,-0.512224829059564,0,0,1,0,1.0
656,0,2,1,24.0,-0.4118054879844123,2,0,73.5,0.8310111255589249,0,0,0,1,0.5
657,0,3,1,28.0,-0.10457866558193422,0,0,7.8958,-0.4891674544258282,0,0,0,1,1.0
658,0,3,0,32.0,0.20264815682054385,1,1,15.5,-0.3361452095402864,0,0,1,0,1.0
659,0,2,1,23.0,-0.48861219358503183,0,0,13.0,-0.38645367226008004,0,0,0,1,0.5
660,0,1,1,58.0,2.1996225024366516,0,2,113.275,1.6314187674308411,1,1,0,0,0.0
661,1,1,1,50.0,1.5851688576316951,2,0,133.65,2.041432738597159,0,0,0,1,0.0
662,0,3,1,40.0,0.8171018016255001,0,0,7.225,-0.5026662211428032,0,1,0,0,1.0
663,0,1,1,47.0,1.3547487408298367,0,0,25.5875,-0.13315056246591933,1,0,0,1,0.0
664,0,3,1,36.0,0.5098749792230219,0,0,7.4958,-0.4972168084609952,0,0,0,1,1.0
665,1,3,1,20.0,-0.7190323103868904,1,0,7.925,-0.48857985158126105,0,0,0,1,1.0
666,0,2,1,32.0,0.20264815682054385,2,0,73.5,0.8310111255589249,0,0,0,1,0.5
667,0,2,1,25.0,-0.33499878238379277,0,0,13.0,-0.38645367226008004,0,0,0,1,0.5
668,0,3,1,28.0,-0.10457866558193422,0,0,7.775,-0.4915983593444487,0,0,0,1,1.0
669,0,3,1,43.0,1.0475219184273585,0,0,8.05,-0.48606442844527137,0,0,0,1,1.0
670,1,1,0,28.0,-0.10457866558193422,1,0,52.0,0.39835834616870003,1,0,0,1,0.0
671,1,2,0,40.0,0.8171018016255001,1,1,39.0,0.13675434002577333,0,0,0,1,0.5
672,0,1,1,31.0,0.12584145121992435,1,0,52.0,0.39835834616870003,1,0,0,1,0.0
673,0,2,1,70.0,3.1213029696440855,0,0,10.5,-0.43676213497987365,0,0,0,1,0.5
674,1,2,1,31.0,0.12584145121992435,0,0,13.0,-0.38645367226008004,0,0,0,1,0.5
675,0,2,1,28.0,-0.10457866558193422,0,0,0.0,-0.6480576784030068,0,0,0,1,0.5
676,0,3,1,18.0,-0.8726457215881294,0,0,7.775,-0.4915983593444487,0,0,0,1,1.0
677,0,3,1,24.5,-0.37340213518410253,0,0,8.05,-0.48606442844527137,0,0,0,1,1.0
678,1,3,0,18.0,-0.8726457215881294,0,0,9.8417,-0.4500093593832497,0,0,0,1,1.0
679,0,3,0,43.0,1.0475219184273585,1,6,46.9,0.29572908222032107,0,0,0,1,1.0
680,1,1,1,36.0,0.5098749792230219,0,1,512.3292,9.661740104981664,1,1,0,0,0.0
681,0,3,0,28.0,-0.10457866558193422,0,0,8.1375,-0.4843036322500786,0,0,1,0,1.0
682,1,1,1,27.0,-0.18138537118255374,0,0,76.7292,0.895993560684828,1,1,0,0,0.0
683,0,3,1,20.0,-0.7190323103868904,0,0,9.225,-0.46241945096696835,0,0,0,1,1.0
684,0,3,1,14.0,-1.1798725439906075,5,2,46.9,0.29572908222032107,0,0,0,1,1.0
685,0,2,1,60.0,2.3532359136378904,1,1,39.0,0.13675434002577333,0,0,0,1,0.5
686,0,2,1,25.0,-0.33499878238379277,1,2,41.5792,0.18865657484452997,0,1,0,0,0.5
687,0,3,1,14.0,-1.1798725439906075,4,1,39.6875,0.15058916727371655,0,0,0,1,1.0
688,0,3,1,19.0,-0.79583901598751,0,0,10.1708,-0.44338675335081607,0,0,0,1,1.0
689,0,3,1,18.0,-0.8726457215881294,0,0,7.7958,-0.49117979293462,0,0,0,1,1.0
690,1,1,0,15.0,-1.103065838389988,0,1,211.3375,3.6047682176147444,1,0,0,1,0.0
691,1,1,1,31.0,0.12584145121992435,1,0,57.0,0.4989752716082872,1,0,0,1,0.0
692,1,3,0,4.0,-1.9479395999968028,0,1,13.4167,-0.37806825769394486,0,1,0,0,1.0
693,1,3,1,28.0,-0.10457866558193422,0,0,56.4958,0.48882906084695926,0,0,0,1,1.0
694,0,3,1,25.0,-0.33499878238379277,0,0,7.225,-0.5026662211428032,0,1,0,0,1.0
695,0,1,1,60.0,2.3532359136378904,0,0,26.55,-0.11378180431879875,0,0,0,1,0.0
696,0,2,1,52.0,1.7387822688329342,0,0,13.5,-0.3763919797161213,0,0,0,1,0.5
697,0,3,1,44.0,1.1243286240279782,0,0,8.05,-0.48606442844527137,0,0,0,1,1.0
698,1,3,0,28.0,-0.10457866558193422,0,0,7.7333,-0.4924375045026148,0,0,1,0,1.0
699,0,1,1,49.0,1.5083621520310757,1,1,110.8833,1.583289667316069,1,1,0,0,0.0
700,0,3,1,42.0,0.970715212826739,0,0,7.65,-0.49411378248043836,1,0,0,1,1.0
701,1,1,0,18.0,-0.8726457215881294,1,0,227.525,3.930515513725408,1,1,0,0,0.0
702,1,1,1,35.0,0.4330682736224024,0,0,26.2875,-0.11906419290437707,1,0,0,1,0.0
703,0,3,0,18.0,-0.8726457215881294,0,1,14.4542,-0.3571902456652305,0,1,0,0,1.0
704,0,3,1,25.0,-0.33499878238379277,0,0,7.7417,-0.4922684680678763,0,0,1,0,1.0
705,0,3,1,26.0,-0.25819207678317324,1,0,7.8542,-0.4900045872454856,0,0,0,1,1.0
706,0,2,1,39.0,0.7402950960248805,0,0,26.0,-0.12484966611715337,0,0,0,1,0.5
707,1,2,0,45.0,1.2011353296285976,0,0,13.5,-0.3763919797161213,0,0,0,1,0.5
708,1,1,1,42.0,0.970715212826739,0,0,26.2875,-0.11906419290437707,1,0,0,1,0.0
709,1,1,0,22.0,-0.5654188991856514,0,0,151.55,2.401641331670881,0,0,0,1,0.0
710,1,3,1,28.0,-0.10457866558193422,1,1,15.2458,-0.34126057402963506,0,1,0,0,1.0
711,1,1,0,24.0,-0.4118054879844123,0,0,49.5042,0.34813440166627563,1,1,0,0,0.0
712,0,1,1,28.0,-0.10457866558193422,0,0,26.55,-0.11378180431879875,1,0,0,1,0.0
713,1,1,1,48.0,1.431555446430456,1,0,52.0,0.39835834616870003,1,0,0,1,0.0
714,0,3,1,29.0,-0.027771959981314702,0,0,9.4833,-0.4572215805987593,0,0,0,1,1.0
715,0,2,1,52.0,1.7387822688329342,0,0,13.0,-0.38645367226008004,0,0,0,1,0.5
716,0,3,1,19.0,-0.79583901598751,0,0,7.65,-0.49411378248043836,1,0,0,1,1.0
717,1,1,0,38.0,0.663488390424261,0,0,227.525,3.930515513725408,1,1,0,0,0.0
718,1,2,0,27.0,-0.18138537118255374,0,0,10.5,-0.43676213497987365,1,0,0,1,0.5
719,0,3,1,28.0,-0.10457866558193422,0,0,15.5,-0.3361452095402864,0,0,1,0,1.0
720,0,3,1,33.0,0.27945486242116335,0,0,7.775,-0.4915983593444487,0,0,0,1,1.0
721,1,2,0,6.0,-1.7943261887955637,0,1,33.0,0.016014029498268696,0,0,0,1,0.5
722,0,3,1,17.0,-0.9494524271887489,1,0,7.0542,-0.5061032953158195,0,0,0,1,1.0
723,0,2,1,34.0,0.3562615680217829,0,0,13.0,-0.38645367226008004,0,0,0,1,0.5
724,0,2,1,50.0,1.5851688576316951,0,0,13.0,-0.38645367226008004,0,0,0,1,0.5
725,1,1,1,27.0,-0.18138537118255374,1,0,53.1,0.4204940697654092,1,0,0,1,0.0
726,0,3,1,20.0,-0.7190323103868904,0,0,8.6625,-0.4737388550789219,0,0,0,1,1.0
727,1,2,0,30.0,0.04903474561930482,3,0,21.0,-0.22546659155674054,0,0,0,1,0.5
728,1,3,0,28.0,-0.10457866558193422,0,0,7.7375,-0.49235298628524554,0,0,1,0,1.0
729,0,2,1,25.0,-0.33499878238379277,1,0,26.0,-0.12484966611715337,0,0,0,1,0.5
730,0,3,0,25.0,-0.33499878238379277,1,0,7.925,-0.48857985158126105,0,0,0,1,1.0
731,1,1,0,29.0,-0.027771959981314702,0,0,211.3375,3.6047682176147444,1,0,0,1,0.0
732,0,3,1,11.0,-1.410292660792466,0,0,18.7875,-0.26998958106375787,0,1,0,0,1.0
733,0,2,1,28.0,-0.10457866558193422,0,0,0.0,-0.6480576784030068,0,0,0,1,0.5
734,0,2,1,23.0,-0.48861219358503183,0,0,13.0,-0.38645367226008004,0,0,0,1,0.5
735,0,2,1,23.0,-0.48861219358503183,0,0,13.0,-0.38645367226008004,0,0,0,1,0.5
736,0,3,1,28.5,-0.06617531278162446,0,0,16.1,-0.32407117848753597,0,0,0,1,1.0
737,0,3,0,48.0,1.431555446430456,1,3,34.375,0.043683683994155176,0,0,0,1,1.0
738,1,1,1,35.0,0.4330682736224024,0,0,512.3292,9.661740104981664,1,1,0,0,0.0
739,0,3,1,28.0,-0.10457866558193422,0,0,7.8958,-0.4891674544258282,0,0,0,1,1.0
740,0,3,1,28.0,-0.10457866558193422,0,0,7.8958,-0.4891674544258282,0,0,0,1,1.0
741,1,1,1,28.0,-0.10457866558193422,0,0,30.0,-0.04435612576548362,1,0,0,1,0.0
742,0,1,1,36.0,0.5098749792230219,1,0,78.85,0.938671235779283,1,0,0,1,0.0
743,1,1,0,21.0,-0.6422256047862709,2,2,262.375,4.631815484039331,1,1,0,0,0.0
744,0,3,1,24.0,-0.4118054879844123,1,0,16.1,-0.32407117848753597,0,0,0,1,1.0
745,1,3,1,31.0,0.12584145121992435,0,0,7.925,-0.48857985158126105,0,0,0,1,1.0
746,0,1,1,70.0,3.1213029696440855,1,1,71.0,0.7807026628391313,1,0,0,1,0.0
747,0,3,1,16.0,-1.0262591327893684,1,1,20.25,-0.24055913037267862,0,0,0,1,1.0
748,1,2,0,30.0,0.04903474561930482,0,0,13.0,-0.38645367226008004,0,0,0,1,0.5
749,0,1,1,19.0,-0.79583901598751,1,0,53.1,0.4204940697654092,1,0,0,1,0.0
750,0,3,1,31.0,0.12584145121992435,0,0,7.75,-0.49210144397164657,0,0,1,0,1.0
751,1,2,0,4.0,-1.9479395999968028,1,1,23.0,-0.18521982138090567,0,0,0,1,0.5
752,1,3,1,6.0,-1.7943261887955637,0,1,12.475,-0.39701844943123665,1,0,0,1,1.0
753,0,3,1,33.0,0.27945486242116335,0,0,9.5,-0.4568855200677911,0,0,0,1,1.0
754,0,3,1,23.0,-0.48861219358503183,0,0,7.8958,-0.4891674544258282,0,0,0,1,1.0
755,1,2,0,48.0,1.431555446430456,1,2,65.0,0.6599623523116267,0,0,0,1,0.5
756,1,2,1,0.67,-2.2037059296468655,1,1,14.5,-0.35626859462820387,0,0,0,1,0.5
757,0,3,1,28.0,-0.10457866558193422,0,0,7.7958,-0.49117979293462,0,0,0,1,1.0
758,0,2,1,18.0,-0.8726457215881294,0,0,11.5,-0.4166387498919562,0,0,0,1,0.5
759,0,3,1,34.0,0.3562615680217829,0,0,8.05,-0.48606442844527137,0,0,0,1,1.0
760,1,1,0,33.0,0.27945486242116335,0,0,86.5,1.0926151317018515,1,0,0,1,0.0
761,0,3,1,28.0,-0.10457866558193422,0,0,14.5,-0.35626859462820387,0,0,0,1,1.0
762,0,3,1,41.0,0.8939085072261196,0,0,7.125,-0.504678559651595,0,0,0,1,1.0
763,1,3,1,20.0,-0.7190323103868904,0,0,7.2292,-0.502581702925434,0,1,0,0,1.0
764,1,1,0,36.0,0.5098749792230219,1,2,120.0,1.7667485321470857,1,0,0,1,0.0
765,0,3,1,16.0,-1.0262591327893684,0,0,7.775,-0.4915983593444487,0,0,0,1,1.0
766,1,1,0,51.0,1.6619755632323148,1,0,77.9583,0.9207272132963871,1,0,0,1,0.0
767,0,1,1,28.0,-0.10457866558193422,0,0,39.6,0.1488283710785238,0,1,0,0,0.0
768,0,3,0,30.5,0.08743809841961457,0,0,7.75,-0.49210144397164657,0,0,1,0,1.0
769,0,3,1,28.0,-0.10457866558193422,1,0,24.15,-0.16207792852980066,0,0,1,0,1.0
770,0,3,1,32.0,0.20264815682054385,0,0,8.3625,-0.47977587060529714,0,0,0,1,1.0
771,0,3,1,24.0,-0.4118054879844123,0,0,9.5,-0.4568855200677911,0,0,0,1,1.0
772,0,3,1,48.0,1.431555446430456,0,0,7.8542,-0.4900045872454856,0,0,0,1,1.0
773,0,2,0,57.0,2.122815796836032,0,0,10.5,-0.43676213497987365,1,0,0,1,0.5
774,0,3,1,28.0,-0.10457866558193422,0,0,7.225,-0.5026662211428032,0,1,0,0,1.0
775,1,2,0,54.0,1.8923956800341732,1,3,23.0,-0.18521982138090567,0,0,0,1,0.5
776,0,3,1,18.0,-0.8726457215881294,0,0,7.75,-0.49210144397164657,0,0,0,1,1.0
777,0,3,1,28.0,-0.10457866558193422,0,0,7.75,-0.49210144397164657,1,0,1,0,1.0
778,1,3,0,5.0,-1.8711328943961831,0,0,12.475,-0.39701844943123665,0,0,0,1,1.0
779,0,3,1,28.0,-0.10457866558193422,0,0,7.7375,-0.49235298628524554,0,0,1,0,1.0
780,1,1,0,43.0,1.0475219184273585,0,1,211.3375,3.6047682176147444,1,0,0,1,0.0
781,1,3,0,13.0,-1.2566792495912271,0,0,7.2292,-0.502581702925434,0,1,0,0,1.0
782,1,1,0,17.0,-0.9494524271887489,1,0,57.0,0.4989752716082872,1,0,0,1,0.0
783,0,1,1,29.0,-0.027771959981314702,0,0,30.0,-0.04435612576548362,1,0,0,1,0.0
784,0,3,1,28.0,-0.10457866558193422,1,2,23.45,-0.17616429809134285,0,0,0,1,1.0
785,0,3,1,25.0,-0.33499878238379277,0,0,7.05,-0.5061878135331888,0,0,0,1,1.0
786,0,3,1,25.0,-0.33499878238379277,0,0,7.25,-0.5021631365156053,0,0,0,1,1.0
787,1,3,0,18.0,-0.8726457215881294,0,0,7.4958,-0.4972168084609952,0,0,0,1,1.0
788,0,3,1,8.0,-1.6407127775943247,4,1,29.125,-0.061964087717411374,0,0,1,0,1.0
789,1,3,1,1.0,-2.1783597167986612,1,2,20.575,-0.23401903021910547,0,0,0,1,1.0
790,0,1,1,46.0,1.2779420352292172,0,0,79.2,0.9457144205600544,1,1,0,0,0.0
791,0,3,1,28.0,-0.10457866558193422,0,0,7.75,-0.49210144397164657,0,0,1,0,1.0
792,0,2,1,16.0,-1.0262591327893684,0,0,26.0,-0.12484966611715337,0,0,0,1,0.5
793,0,3,0,28.0,-0.10457866558193422,8,2,69.55,0.751523754461651,0,0,0,1,1.0
794,0,1,1,28.0,-0.10457866558193422,0,0,30.6958,-0.03035427442131069,0,1,0,0,0.0
795,0,3,1,25.0,-0.33499878238379277,0,0,7.8958,-0.4891674544258282,0,0,0,1,1.0
796,0,2,1,39.0,0.7402950960248805,0,0,13.0,-0.38645367226008004,0,0,0,1,0.5
797,1,1,0,49.0,1.5083621520310757,0,0,25.9292,-0.1262744017813779,1,0,0,1,0.0
798,1,3,0,31.0,0.12584145121992435,0,0,8.6833,-0.47332028866909326,0,0,0,1,1.0
799,0,3,1,30.0,0.04903474561930482,0,0,7.2292,-0.502581702925434,0,1,0,0,1.0
800,0,3,0,30.0,0.04903474561930482,1,1,24.15,-0.16207792852980066,0,0,0,1,1.0
801,0,2,1,34.0,0.3562615680217829,0,0,13.0,-0.38645367226008004,0,0,0,1,0.5
802,1,2,0,31.0,0.12584145121992435,1,1,26.25,-0.11981881984517401,0,0,0,1,0.5
803,1,1,1,11.0,-1.410292660792466,1,2,120.0,1.7667485321470857,1,0,0,1,0.0
804,1,3,1,0.42,-2.2229076060470203,0,1,8.5167,-0.4766728446247403,0,1,0,0,1.0
805,1,3,1,27.0,-0.18138537118255374,0,0,6.975,-0.5076970674147826,0,0,0,1,1.0
806,0,3,1,31.0,0.12584145121992435,0,0,7.775,-0.4915983593444487,0,0,0,1,1.0
807,0,1,1,39.0,0.7402950960248805,0,0,0.0,-0.6480576784030068,1,0,0,1,0.0
808,0,3,0,18.0,-0.8726457215881294,0,0,7.775,-0.4915983593444487,0,0,0,1,1.0
809,0,2,1,39.0,0.7402950960248805,0,0,13.0,-0.38645367226008004,0,0,0,1,0.5
810,1,1,0,33.0,0.27945486242116335,1,0,53.1,0.4204940697654092,1,0,0,1,0.0
811,0,3,1,26.0,-0.25819207678317324,0,0,7.8875,-0.48933447852205797,0,0,0,1,1.0
812,0,3,1,39.0,0.7402950960248805,0,0,24.15,-0.16207792852980066,0,0,0,1,1.0
813,0,2,1,35.0,0.4330682736224024,0,0,10.5,-0.43676213497987365,0,0,0,1,0.5
814,0,3,0,6.0,-1.7943261887955637,4,2,31.275,-0.01869880977838891,0,0,0,1,1.0
815,0,3,1,30.5,0.08743809841961457,0,0,8.05,-0.48606442844527137,0,0,0,1,1.0
816,0,1,1,28.0,-0.10457866558193422,0,0,0.0,-0.6480576784030068,1,0,0,1,0.0
817,0,3,0,23.0,-0.48861219358503183,0,0,7.925,-0.48857985158126105,0,0,0,1,1.0
818,0,2,1,31.0,0.12584145121992435,1,1,37.0042,0.09659208806730764,0,1,0,0,0.5
819,0,3,1,43.0,1.0475219184273585,0,0,6.45,-0.5182618445859393,0,0,0,1,1.0
820,0,3,1,10.0,-1.4870993663930856,3,2,27.9,-0.08661523445011025,0,0,0,1,1.0
821,1,1,0,52.0,1.7387822688329342,1,1,93.5,1.2334788273172737,1,0,0,1,0.0
822,1,3,1,27.0,-0.18138537118255374,0,0,8.6625,-0.4737388550789219,0,0,0,1,1.0
823,0,1,1,38.0,0.663488390424261,0,0,0.0,-0.6480576784030068,0,0,0,1,0.0
824,1,3,0,27.0,-0.18138537118255374,0,1,12.475,-0.39701844943123665,1,0,0,1,1.0
825,0,3,1,2.0,-2.1015530111980416,4,1,39.6875,0.15058916727371655,0,0,0,1,1.0
826,0,3,1,28.0,-0.10457866558193422,0,0,6.95,-0.5082001520419805,0,0,1,0,1.0
827,0,3,1,28.0,-0.10457866558193422,0,0,56.4958,0.48882906084695926,0,0,0,1,1.0
828,1,2,1,1.0,-2.1783597167986612,0,2,37.0042,0.09659208806730764,0,1,0,0,0.5
829,1,3,1,28.0,-0.10457866558193422,0,0,7.75,-0.49210144397164657,0,0,1,0,1.0
830,1,1,0,62.0,2.5068493248391293,0,0,80.0,0.9618131286303883,1,0,0,1,0.0
831,1,3,0,15.0,-1.103065838389988,1,0,14.4542,-0.3571902456652305,0,1,0,0,1.0
832,1,2,1,0.83,-2.1914168567507666,1,1,18.75,-0.2707442080045548,0,0,0,1,0.5
833,0,3,1,28.0,-0.10457866558193422,0,0,7.2292,-0.502581702925434,0,1,0,0,1.0
834,0,3,1,23.0,-0.48861219358503183,0,0,7.8542,-0.4900045872454856,0,0,0,1,1.0
835,0,3,1,18.0,-0.8726457215881294,0,0,8.3,-0.481033582173292,0,0,0,1,1.0
836,1,1,0,39.0,0.7402950960248805,1,1,83.1583,1.0253688157535579,1,1,0,0,0.0
837,0,3,1,21.0,-0.6422256047862709,0,0,8.6625,-0.4737388550789219,0,0,0,1,1.0
838,0,3,1,28.0,-0.10457866558193422,0,0,8.05,-0.48606442844527137,0,0,0,1,1.0
839,1,3,1,32.0,0.20264815682054385,0,0,56.4958,0.48882906084695926,0,0,0,1,1.0
840,1,1,1,28.0,-0.10457866558193422,0,0,29.7,-0.05039314129185886,1,1,0,0,0.0
841,0,3,1,20.0,-0.7190323103868904,0,0,7.925,-0.48857985158126105,0,0,0,1,1.0
842,0,2,1,16.0,-1.0262591327893684,0,0,10.5,-0.43676213497987365,0,0,0,1,0.5
843,1,1,0,30.0,0.04903474561930482,0,0,31.0,-0.024232740677566176,0,1,0,0,0.0
844,0,3,1,34.5,0.39466492082209265,0,0,6.4375,-0.5185133868995382,0,1,0,0,1.0
845,0,3,1,17.0,-0.9494524271887489,0,0,8.6625,-0.4737388550789219,0,0,0,1,1.0
846,0,3,1,42.0,0.970715212826739,0,0,7.55,-0.4961261209892301,0,0,0,1,1.0
847,0,3,1,28.0,-0.10457866558193422,8,2,69.55,0.751523754461651,0,0,0,1,1.0
848,0,3,1,35.0,0.4330682736224024,0,0,7.8958,-0.4891674544258282,0,1,0,0,1.0
849,0,2,1,28.0,-0.10457866558193422,0,1,33.0,0.016014029498268696,0,0,0,1,0.5
850,1,1,0,28.0,-0.10457866558193422,1,0,89.1042,1.1450204511478064,1,1,0,0,0.0
851,0,3,1,4.0,-1.9479395999968028,4,2,31.275,-0.01869880977838891,0,0,0,1,1.0
852,0,3,1,74.0,3.4285297920465636,0,0,7.775,-0.4915983593444487,0,0,0,1,1.0
853,0,3,0,9.0,-1.563906071993705,1,1,15.2458,-0.34126057402963506,0,1,0,0,1.0
854,1,1,0,16.0,-1.0262591327893684,0,1,39.4,0.14480369406094026,1,0,0,1,0.0
855,0,2,0,44.0,1.1243286240279782,1,0,26.0,-0.12484966611715337,0,0,0,1,0.5
856,1,3,0,18.0,-0.8726457215881294,0,1,9.35,-0.45990402783097867,0,0,0,1,1.0
857,1,1,0,45.0,1.2011353296285976,1,1,164.8667,2.669618413871151,0,0,0,1,0.0
858,1,1,1,51.0,1.6619755632323148,0,0,26.55,-0.11378180431879875,1,0,0,1,0.0
859,1,3,0,24.0,-0.4118054879844123,0,3,19.2583,-0.26051549136436636,0,1,0,0,1.0
860,0,3,1,28.0,-0.10457866558193422,0,0,7.2292,-0.502581702925434,0,1,0,0,1.0
861,0,3,1,41.0,0.8939085072261196,2,0,14.1083,-0.36415092456714115,0,0,0,1,1.0
862,0,2,1,21.0,-0.6422256047862709,1,0,11.5,-0.4166387498919562,0,0,0,1,0.5
863,1,1,0,48.0,1.431555446430456,0,0,25.9292,-0.1262744017813779,1,0,0,1,0.0
864,0,3,0,28.0,-0.10457866558193422,8,2,69.55,0.751523754461651,0,0,0,1,1.0
865,0,2,1,24.0,-0.4118054879844123,0,0,13.0,-0.38645367226008004,0,0,0,1,0.5
866,1,2,0,42.0,0.970715212826739,0,0,13.0,-0.38645367226008004,0,0,0,1,0.5
867,1,2,0,27.0,-0.18138537118255374,1,0,13.8583,-0.3691817708391205,0,1,0,0,0.5
868,0,1,1,31.0,0.12584145121992435,0,0,50.4958,0.36808875031945465,1,0,0,1,0.0
869,0,3,1,28.0,-0.10457866558193422,0,0,9.5,-0.4568855200677911,0,0,0,1,1.0
870,1,3,1,4.0,-1.9479395999968028,1,1,11.1333,-0.42401799520369554,0,0,0,1,1.0
871,0,3,1,26.0,-0.25819207678317324,0,0,7.8958,-0.4891674544258282,0,0,0,1,1.0
872,1,1,0,47.0,1.3547487408298367,1,1,52.5542,0.40951072618442386,1,0,0,1,0.0
873,0,1,1,33.0,0.27945486242116335,0,0,5.0,-0.5474407529634195,1,0,0,1,0.0
874,0,3,1,47.0,1.3547487408298367,0,0,9.0,-0.4669472126117498,0,0,0,1,1.0
875,1,2,0,28.0,-0.10457866558193422,1,0,24.0,-0.16509643629298823,0,1,0,0,0.5
876,1,3,0,15.0,-1.103065838389988,0,0,7.225,-0.5026662211428032,0,1,0,0,1.0
877,0,3,1,20.0,-0.7190323103868904,0,0,9.8458,-0.4499268535043892,0,0,0,1,1.0
878,0,3,1,19.0,-0.79583901598751,0,0,7.8958,-0.4891674544258282,0,0,0,1,1.0
879,0,3,1,28.0,-0.10457866558193422,0,0,7.8958,-0.4891674544258282,0,0,0,1,1.0
880,1,1,0,56.0,2.0460090912354123,0,1,83.1583,1.0253688157535579,1,1,0,0,0.0
881,1,2,0,25.0,-0.33499878238379277,0,1,26.0,-0.12484966611715337,0,0,0,1,0.5
882,0,3,1,33.0,0.27945486242116335,0,0,7.8958,-0.4891674544258282,0,0,0,1,1.0
883,0,3,0,22.0,-0.5654188991856514,0,0,10.5167,-0.4364260744489054,0,0,0,1,1.0
884,0,2,1,28.0,-0.10457866558193422,0,0,10.5,-0.43676213497987365,0,0,0,1,0.5
885,0,3,1,25.0,-0.33499878238379277,0,0,7.05,-0.5061878135331888,0,0,0,1,1.0
886,0,3,0,39.0,0.7402950960248805,0,5,29.125,-0.061964087717411374,0,0,1,0,1.0
887,0,2,1,27.0,-0.18138537118255374,0,0,13.0,-0.38645367226008004,0,0,0,1,0.5
888,1,1,0,19.0,-0.79583901598751,0,0,30.0,-0.04435612576548362,1,0,0,1,0.0
889,0,3,0,28.0,-0.10457866558193422,1,2,23.45,-0.17616429809134285,0,0,0,1,1.0
890,1,1,1,26.0,-0.25819207678317324,0,0,30.0,-0.04435612576548362,1,1,0,0,0.0
891,0,3,1,32.0,0.20264815682054385,0,0,7.75,-0.49210144397164657,0,0,1,0,1.0
